2026-09-14T00:07:39.943+05:30  WARN 23404 --- [reservation-service] [HikariPool-1:housekeeper] com.zaxxer.hikari.pool.HikariPool        : HikariPool-1 - Thread starvation or clock leap detected (housekeeper delta=1h18m42s871ms754µs).
2026-09-14T00:11:09.891+05:30  INFO 23404 --- [reservation-service] [AsyncResolver-bootstrap-executor-%d] c.n.d.s.r.aws.ConfigClusterResolver      : Resolving eureka endpoints via configuration
2026-09-14T00:16:09.921+05:30  INFO 23404 --- [reservation-service] [AsyncResolver-bootstrap-executor-%d] c.n.d.s.r.aws.ConfigClusterResolver      : Resolving eureka endpoints via configuration
2026-09-14T00:21:09.944+05:30  INFO 23404 --- [reservation-service] [AsyncResolver-bootstrap-executor-%d] c.n.d.s.r.aws.ConfigClusterResolver      : Resolving eureka endpoints via configuration
2026-09-14T00:26:09.948+05:30  INFO 23404 --- [reservation-service] [AsyncResolver-bootstrap-executor-%d] c.n.d.s.r.aws.ConfigClusterResolver      : Resolving eureka endpoints via configuration
2026-09-14T00:31:09.953+05:30  INFO 23404 --- [reservation-service] [AsyncResolver-bootstrap-executor-%d] c.n.d.s.r.aws.ConfigClusterResolver      : Resolving eureka endpoints via configuration
2026-09-14T00:36:09.955+05:30  INFO 23404 --- [reservation-service] [AsyncResolver-bootstrap-executor-%d] c.n.d.s.r.aws.ConfigClusterResolver      : Resolving eureka endpoints via configuration
2026-09-14T00:41:09.968+05:30  INFO 23404 --- [reservation-service] [AsyncResolver-bootstrap-executor-%d] c.n.d.s.r.aws.ConfigClusterResolver      : Resolving eureka endpoints via configuration
2026-09-14T00:46:09.983+05:30  INFO 23404 --- [reservation-service] [AsyncResolver-bootstrap-executor-%d] c.n.d.s.r.aws.ConfigClusterResolver      : Resolving eureka endpoints via configuration
2026-09-14T00:51:10.006+05:30  INFO 23404 --- [reservation-service] [AsyncResolver-bootstrap-executor-%d] c.n.d.s.r.aws.ConfigClusterResolver      : Resolving eureka endpoints via configuration
2026-09-14T00:56:10.015+05:30  INFO 23404 --- [reservation-service] [AsyncResolver-bootstrap-executor-%d] c.n.d.s.r.aws.ConfigClusterResolver      : Resolving eureka endpoints via configuration
2026-09-14T01:01:10.021+05:30  INFO 23404 --- [reservation-service] [AsyncResolver-bootstrap-executor-%d] c.n.d.s.r.aws.ConfigClusterResolver      : Resolving eureka endpoints via configuration
2026-09-14T01:06:10.028+05:30  INFO 23404 --- [reservation-service] [AsyncResolver-bootstrap-executor-%d] c.n.d.s.r.aws.ConfigClusterResolver      : Resolving eureka endpoints via configuration
2026-09-14T01:11:10.044+05:30  INFO 23404 --- [reservation-service] [AsyncResolver-bootstrap-executor-%d] c.n.d.s.r.aws.ConfigClusterResolver      : Resolving eureka endpoints via configuration
2026-09-14T01:16:10.052+05:30  INFO 23404 --- [reservation-service] [AsyncResolver-bootstrap-executor-%d] c.n.d.s.r.aws.ConfigClusterResolver      : Resolving eureka endpoints via configuration
2026-09-14T01:21:10.064+05:30  INFO 23404 --- [reservation-service] [AsyncResolver-bootstrap-executor-%d] c.n.d.s.r.aws.ConfigClusterResolver      : Resolving eureka endpoints via configuration
2026-09-14T01:24:43.243+05:30  INFO 23404 --- [reservation-service] [SpringApplicationShutdownHook] o.s.c.n.e.s.EurekaServiceRegistry        : Unregistering application RESERVATION-SERVICE with eureka with status DOWN
2026-09-14T01:24:43.244+05:30  INFO 23404 --- [reservation-service] [SpringApplicationShutdownHook] com.netflix.discovery.DiscoveryClient    : Saw local status change event StatusChangeEvent [timestamp=1789329283244, current=DOWN, previous=UP]
2026-09-14T01:24:43.244+05:30  INFO 23404 --- [reservation-service] [DiscoveryClient-InstanceInfoReplicator-%d] com.netflix.discovery.DiscoveryClient    : DiscoveryClient_RESERVATION-SERVICE/AKHIL:reservation-service:8085: registering service...
2026-09-14T01:24:43.253+05:30  INFO 23404 --- [reservation-service] [SpringApplicationShutdownHook] o.s.boot.tomcat.GracefulShutdown         : Commencing graceful shutdown. Waiting for active requests to complete
2026-09-14T01:24:43.262+05:30  INFO 23404 --- [reservation-service] [tomcat-shutdown] o.s.boot.tomcat.GracefulShutdown         : Graceful shutdown complete
2026-09-14T01:24:43.289+05:30  INFO 23404 --- [reservation-service] [SpringApplicationShutdownHook] j.LocalContainerEntityManagerFactoryBean : Closing JPA EntityManagerFactory for persistence unit 'default'
2026-09-14T01:24:43.294+05:30  INFO 23404 --- [reservation-service] [SpringApplicationShutdownHook] com.zaxxer.hikari.HikariDataSource       : HikariPool-1 - Shutdown initiated...
2026-09-14T01:24:43.300+05:30  INFO 23404 --- [reservation-service] [SpringApplicationShutdownHook] com.zaxxer.hikari.HikariDataSource       : HikariPool-1 - Shutdown completed.
2026-09-14T01:24:43.302+05:30  INFO 23404 --- [reservation-service] [SpringApplicationShutdownHook] com.netflix.discovery.DiscoveryClient    : Shutting down DiscoveryClient ...
2026-09-14T01:24:43.345+05:30  INFO 23404 --- [reservation-service] [DiscoveryClient-InstanceInfoReplicator-%d] com.netflix.discovery.DiscoveryClient    : DiscoveryClient_RESERVATION-SERVICE/AKHIL:reservation-service:8085 - registration status: 204
2026-09-14T01:24:43.345+05:30  INFO 23404 --- [reservation-service] [SpringApplicationShutdownHook] com.netflix.discovery.DiscoveryClient    : Unregistering ...
2026-09-14T01:24:43.441+05:30  INFO 23404 --- [reservation-service] [SpringApplicationShutdownHook] com.netflix.discovery.DiscoveryClient    : DiscoveryClient_RESERVATION-SERVICE/AKHIL:reservation-service:8085 - deregister  status: 200
2026-09-14T01:24:43.442+05:30  INFO 23404 --- [reservation-service] [SpringApplicationShutdownHook] com.netflix.discovery.DiscoveryClient    : Completed shut down of DiscoveryClient
2026-09-14T01:24:51.175+05:30  INFO 13076 --- [reservation-service] [main] c.r.r.ReservationServiceApplication      : Starting ReservationServiceApplication using Java 22.0.2 with PID 13076 (C:\Users\sprak\Desktop\railway-reservation-system\reservation-service\target\classes started by sprak in C:\Users\sprak\Desktop\railway-reservation-system\reservation-service)
2026-09-14T01:24:51.179+05:30 DEBUG 13076 --- [reservation-service] [main] c.r.r.ReservationServiceApplication      : Running with Spring Boot v4.1.1, Spring v7.0.9
2026-09-14T01:24:51.180+05:30  INFO 13076 --- [reservation-service] [main] c.r.r.ReservationServiceApplication      : No active profile set, falling back to 1 default profile: "default"
2026-09-14T01:24:51.221+05:30  INFO 13076 --- [reservation-service] [main] o.s.c.c.c.ConfigServerConfigDataLoader   : Fetching config from server at : http://localhost:8888
2026-09-14T01:24:51.221+05:30  INFO 13076 --- [reservation-service] [main] o.s.c.c.c.ConfigServerConfigDataLoader   : Located environment: name=reservation-service, profiles=[default], label=null, version=null, state=null
2026-09-14T01:24:52.470+05:30  INFO 13076 --- [reservation-service] [main] .s.d.r.c.RepositoryConfigurationDelegate : Bootstrapping Spring Data JPA repositories in DEFAULT mode.
2026-09-14T01:24:52.597+05:30  INFO 13076 --- [reservation-service] [main] .s.d.r.c.RepositoryConfigurationDelegate : Finished Spring Data repository scanning in 119 ms. Found 1 JPA repository interface.
2026-09-14T01:24:53.003+05:30  INFO 13076 --- [reservation-service] [main] o.s.cloud.context.scope.GenericScope     : BeanFactory id=da79389a-2c4a-3fcf-9d55-6dbce424f54d
2026-09-14T01:24:53.698+05:30  INFO 13076 --- [reservation-service] [main] o.s.boot.tomcat.TomcatWebServer          : Tomcat initialized with port 8085 (http)
2026-09-14T01:24:53.715+05:30  INFO 13076 --- [reservation-service] [main] o.apache.catalina.core.StandardService   : Starting service [Tomcat]
2026-09-14T01:24:53.715+05:30  INFO 13076 --- [reservation-service] [main] o.apache.catalina.core.StandardEngine    : Starting Servlet engine: [Apache Tomcat/11.0.24]
2026-09-14T01:24:53.790+05:30  INFO 13076 --- [reservation-service] [main] b.w.c.s.WebApplicationContextInitializer : Root WebApplicationContext: initialization completed in 2564 ms
2026-09-14T01:24:54.072+05:30 DEBUG 13076 --- [reservation-service] [main] c.r.r.config.JwtAuthFilter               : Filter 'jwtAuthFilter' configured for use
2026-09-14T01:24:54.270+05:30  INFO 13076 --- [reservation-service] [main] org.hibernate.orm.jpa                    : HHH008540: Processing PersistenceUnitInfo [name: default]
2026-09-14T01:24:54.323+05:30  INFO 13076 --- [reservation-service] [main] org.hibernate.orm.core                   : HHH000001: Hibernate ORM core version 7.4.5.Final
2026-09-14T01:24:54.732+05:30  INFO 13076 --- [reservation-service] [main] o.s.o.j.p.SpringPersistenceUnitInfo      : No LoadTimeWeaver setup: ignoring JPA class transformer
2026-09-14T01:24:54.765+05:30  INFO 13076 --- [reservation-service] [main] com.zaxxer.hikari.HikariDataSource       : HikariPool-1 - Starting...
2026-09-14T01:24:55.048+05:30  INFO 13076 --- [reservation-service] [main] com.zaxxer.hikari.pool.HikariPool        : HikariPool-1 - Added connection com.mysql.cj.jdbc.ConnectionImpl@7a98f106
2026-09-14T01:24:55.050+05:30  INFO 13076 --- [reservation-service] [main] com.zaxxer.hikari.HikariDataSource       : HikariPool-1 - Start completed.
2026-09-14T01:24:55.128+05:30  INFO 13076 --- [reservation-service] [main] org.hibernate.orm.connections.pooling    : HHH10001005: Database info:
	Database JDBC URL [jdbc:mysql://localhost:3306/railway_reservation_db?updateTimeZone=true]
	Database driver: MySQL Connector/J
	Database dialect: MySQLDialect
	Database version: 8.0.43
	Default catalog/schema: railway_reservation_db/undefined
	Autocommit mode: undefined/unknown
	Isolation level: REPEATABLE_READ [default REPEATABLE_READ]
	JDBC fetch size: none
	Pool: DataSourceConnectionProvider
	Minimum pool size: undefined/unknown
	Maximum pool size: undefined/unknown
2026-09-14T01:24:56.072+05:30  INFO 13076 --- [reservation-service] [main] org.hibernate.orm.core                   : HHH000489: No JTA platform available (set 'hibernate.transaction.jta.platform' to enable JTA platform integration)
2026-09-14T01:24:56.147+05:30  INFO 13076 --- [reservation-service] [main] j.LocalContainerEntityManagerFactoryBean : Initialized JPA EntityManagerFactory for persistence unit 'default'
2026-09-14T01:24:56.298+05:30  INFO 13076 --- [reservation-service] [main] o.s.d.j.r.query.QueryEnhancerFactories   : Hibernate is in classpath; If applicable, HQL parser will be used.
2026-09-14T01:24:56.723+05:30  WARN 13076 --- [reservation-service] [main] JpaBaseConfiguration$JpaWebConfiguration : spring.jpa.open-in-view is enabled by default. Therefore, database queries may be performed during view rendering. Explicitly configure spring.jpa.open-in-view to disable this warning
2026-09-14T01:24:56.914+05:30  INFO 13076 --- [reservation-service] [main] o.s.c.openfeign.FeignClientFactoryBean   : For 'pnr-service' URL not provided. Will try picking an instance via load-balancing.
2026-09-14T01:24:57.530+05:30  WARN 13076 --- [reservation-service] [main] .s.a.UserDetailsServiceAutoConfiguration : 

Using generated security password: cca92617-8ae8-42b0-8d61-1c0b7d5c8555

This generated password is for development use only. Your security configuration must be updated before running your application in production.

2026-09-14T01:24:57.541+05:30  INFO 13076 --- [reservation-service] [main] r$InitializeUserDetailsManagerConfigurer : Global AuthenticationManager configured with UserDetailsService bean with name inMemoryUserDetailsManager
2026-09-14T01:24:59.321+05:30  INFO 13076 --- [reservation-service] [main] DiscoveryClientOptionalArgsConfiguration : Eureka HTTP Client uses RestClient.
2026-09-14T01:24:59.409+05:30  WARN 13076 --- [reservation-service] [main] iguration$LoadBalancerCaffeineWarnLogger : Spring Cloud LoadBalancer is currently working with the default cache. While this cache implementation is useful for development and tests, it's recommended to use Caffeine cache in production.You can switch to using Caffeine cache, by adding it and org.springframework.cache.caffeine.CaffeineCacheManager to the classpath.
2026-09-14T01:24:59.435+05:30  INFO 13076 --- [reservation-service] [main] o.s.b.a.e.web.EndpointLinksResolver      : Exposing 1 endpoint beneath base path '/actuator'
2026-09-14T01:24:59.532+05:30  INFO 13076 --- [reservation-service] [main] o.s.c.n.eureka.InstanceInfoFactory       : Setting initial instance status as: STARTING
2026-09-14T01:24:59.563+05:30  INFO 13076 --- [reservation-service] [main] com.netflix.discovery.DiscoveryClient    : Initializing Eureka in region us-east-1
2026-09-14T01:24:59.567+05:30  INFO 13076 --- [reservation-service] [main] c.n.d.s.r.aws.ConfigClusterResolver      : Resolving eureka endpoints via configuration
2026-09-14T01:24:59.577+05:30  INFO 13076 --- [reservation-service] [main] com.netflix.discovery.DiscoveryClient    : Disable delta property : false
2026-09-14T01:24:59.577+05:30  INFO 13076 --- [reservation-service] [main] com.netflix.discovery.DiscoveryClient    : Single vip registry refresh property : null
2026-09-14T01:24:59.577+05:30  INFO 13076 --- [reservation-service] [main] com.netflix.discovery.DiscoveryClient    : Force full registry fetch : false
2026-09-14T01:24:59.577+05:30  INFO 13076 --- [reservation-service] [main] com.netflix.discovery.DiscoveryClient    : Application is null : false
2026-09-14T01:24:59.577+05:30  INFO 13076 --- [reservation-service] [main] com.netflix.discovery.DiscoveryClient    : Registered Applications size is zero : true
2026-09-14T01:24:59.577+05:30  INFO 13076 --- [reservation-service] [main] com.netflix.discovery.DiscoveryClient    : Application version is -1: true
2026-09-14T01:24:59.577+05:30  INFO 13076 --- [reservation-service] [main] com.netflix.discovery.DiscoveryClient    : Getting all instance registry info from the eureka server
2026-09-14T01:24:59.857+05:30  INFO 13076 --- [reservation-service] [main] com.netflix.discovery.DiscoveryClient    : The response status is 200
2026-09-14T01:24:59.858+05:30  INFO 13076 --- [reservation-service] [main] com.netflix.discovery.DiscoveryClient    : Starting heartbeat executor: renew interval is: 30
2026-09-14T01:24:59.860+05:30  INFO 13076 --- [reservation-service] [main] c.n.discovery.InstanceInfoReplicator     : InstanceInfoReplicator onDemand update allowed rate per min is 4
2026-09-14T01:24:59.862+05:30  INFO 13076 --- [reservation-service] [main] com.netflix.discovery.DiscoveryClient    : Discovery Client initialized at timestamp 1789329299860 with initial instances count: 9
2026-09-14T01:24:59.872+05:30  INFO 13076 --- [reservation-service] [main] o.s.c.n.e.s.EurekaServiceRegistry        : Registering application RESERVATION-SERVICE with eureka with status UP
2026-09-14T01:24:59.872+05:30  INFO 13076 --- [reservation-service] [main] com.netflix.discovery.DiscoveryClient    : Saw local status change event StatusChangeEvent [timestamp=1789329299872, current=UP, previous=STARTING]
2026-09-14T01:24:59.874+05:30  INFO 13076 --- [reservation-service] [DiscoveryClient-InstanceInfoReplicator-%d] com.netflix.discovery.DiscoveryClient    : DiscoveryClient_RESERVATION-SERVICE/AKHIL:reservation-service:8085: registering service...
2026-09-14T01:24:59.901+05:30  INFO 13076 --- [reservation-service] [main] o.s.boot.tomcat.TomcatWebServer          : Tomcat started on port 8085 (http) with context path '/'
2026-09-14T01:24:59.902+05:30  INFO 13076 --- [reservation-service] [main] .s.c.n.e.s.EurekaAutoServiceRegistration : Updating port to 8085
2026-09-14T01:24:59.927+05:30  INFO 13076 --- [reservation-service] [main] c.r.r.ReservationServiceApplication      : Started ReservationServiceApplication in 10.674 seconds (process running for 12.089)
2026-09-14T01:24:59.937+05:30  WARN 13076 --- [reservation-service] [main] o.s.core.events.SpringDocAppInitializer  : SpringDoc /api/reservations/v3/api-docs endpoint is enabled by default. To disable it in production, set the property 'springdoc.api-docs.enabled=false'
2026-09-14T01:24:59.938+05:30  WARN 13076 --- [reservation-service] [main] o.s.core.events.SpringDocAppInitializer  : SpringDoc /swagger-ui.html endpoint is enabled by default. To disable it in production, set the property 'springdoc.swagger-ui.enabled=false'
2026-09-14T01:25:00.013+05:30  INFO 13076 --- [reservation-service] [DiscoveryClient-InstanceInfoReplicator-%d] com.netflix.discovery.DiscoveryClient    : DiscoveryClient_RESERVATION-SERVICE/AKHIL:reservation-service:8085 - registration status: 204
2026-09-14T01:25:00.166+05:30  INFO 13076 --- [reservation-service] [RMI TCP Connection(3)-192.168.0.103] o.s.a.r.c.CachingConnectionFactory       : Attempting to connect to: [puffin.rmq2.cloudamqp.com:5671]
2026-09-14T01:25:00.167+05:30  INFO 13076 --- [reservation-service] [RMI TCP Connection(1)-192.168.0.103] o.a.c.c.C.[Tomcat].[localhost].[/]       : Initializing Spring DispatcherServlet 'dispatcherServlet'
2026-09-14T01:25:00.168+05:30  INFO 13076 --- [reservation-service] [RMI TCP Connection(1)-192.168.0.103] o.s.web.servlet.DispatcherServlet        : Initializing Servlet 'dispatcherServlet'
2026-09-14T01:25:00.172+05:30  INFO 13076 --- [reservation-service] [RMI TCP Connection(1)-192.168.0.103] o.s.web.servlet.DispatcherServlet        : Completed initialization in 4 ms
2026-09-14T01:25:01.145+05:30  INFO 13076 --- [reservation-service] [RMI TCP Connection(3)-192.168.0.103] o.s.a.r.c.CachingConnectionFactory       : Created new connection: rabbitConnectionFactory#515576b0:0/SimpleConnection@14fe23b7 [delegate=amqp://msixzfoj@15.206.140.228:5671/msixzfoj, localPort=65141]
2026-09-14T01:29:59.593+05:30  INFO 13076 --- [reservation-service] [AsyncResolver-bootstrap-executor-%d] c.n.d.s.r.aws.ConfigClusterResolver      : Resolving eureka endpoints via configuration
2026-09-14T01:34:59.599+05:30  INFO 13076 --- [reservation-service] [AsyncResolver-bootstrap-executor-%d] c.n.d.s.r.aws.ConfigClusterResolver      : Resolving eureka endpoints via configuration
2026-09-14T01:39:59.606+05:30  INFO 13076 --- [reservation-service] [AsyncResolver-bootstrap-executor-%d] c.n.d.s.r.aws.ConfigClusterResolver      : Resolving eureka endpoints via configuration
2026-09-14T01:44:59.607+05:30  INFO 13076 --- [reservation-service] [AsyncResolver-bootstrap-executor-%d] c.n.d.s.r.aws.ConfigClusterResolver      : Resolving eureka endpoints via configuration
2026-09-14T01:49:59.610+05:30  INFO 13076 --- [reservation-service] [AsyncResolver-bootstrap-executor-%d] c.n.d.s.r.aws.ConfigClusterResolver      : Resolving eureka endpoints via configuration
2026-09-14T01:54:59.622+05:30  INFO 13076 --- [reservation-service] [AsyncResolver-bootstrap-executor-%d] c.n.d.s.r.aws.ConfigClusterResolver      : Resolving eureka endpoints via configuration
2026-09-14T01:59:59.635+05:30  INFO 13076 --- [reservation-service] [AsyncResolver-bootstrap-executor-%d] c.n.d.s.r.aws.ConfigClusterResolver      : Resolving eureka endpoints via configuration
2026-09-14T02:04:59.648+05:30  INFO 13076 --- [reservation-service] [AsyncResolver-bootstrap-executor-%d] c.n.d.s.r.aws.ConfigClusterResolver      : Resolving eureka endpoints via configuration
2026-09-14T02:09:59.663+05:30  INFO 13076 --- [reservation-service] [AsyncResolver-bootstrap-executor-%d] c.n.d.s.r.aws.ConfigClusterResolver      : Resolving eureka endpoints via configuration
2026-09-14T02:12:09.713+05:30  INFO 13076 --- [reservation-service] [http-nio-8085-exec-1] o.springdoc.api.AbstractOpenApiResource  : Init duration for springdoc-openapi is: 285 ms
2026-09-14T02:12:19.512+05:30  INFO 13076 --- [reservation-service] [SpringApplicationShutdownHook] o.s.c.n.e.s.EurekaServiceRegistry        : Unregistering application RESERVATION-SERVICE with eureka with status DOWN
2026-09-14T02:12:19.512+05:30  INFO 13076 --- [reservation-service] [SpringApplicationShutdownHook] com.netflix.discovery.DiscoveryClient    : Saw local status change event StatusChangeEvent [timestamp=1789332139512, current=DOWN, previous=UP]
2026-09-14T02:12:19.512+05:30  INFO 13076 --- [reservation-service] [DiscoveryClient-InstanceInfoReplicator-%d] com.netflix.discovery.DiscoveryClient    : DiscoveryClient_RESERVATION-SERVICE/AKHIL:reservation-service:8085: registering service...
2026-09-14T02:12:19.517+05:30  INFO 13076 --- [reservation-service] [SpringApplicationShutdownHook] o.s.boot.tomcat.GracefulShutdown         : Commencing graceful shutdown. Waiting for active requests to complete
2026-09-14T02:12:19.523+05:30  INFO 13076 --- [reservation-service] [tomcat-shutdown] o.s.boot.tomcat.GracefulShutdown         : Graceful shutdown complete
2026-09-14T02:12:19.563+05:30  INFO 13076 --- [reservation-service] [SpringApplicationShutdownHook] j.LocalContainerEntityManagerFactoryBean : Closing JPA EntityManagerFactory for persistence unit 'default'
2026-09-14T02:12:19.568+05:30  INFO 13076 --- [reservation-service] [SpringApplicationShutdownHook] com.zaxxer.hikari.HikariDataSource       : HikariPool-1 - Shutdown initiated...
2026-09-14T02:12:19.573+05:30  INFO 13076 --- [reservation-service] [SpringApplicationShutdownHook] com.zaxxer.hikari.HikariDataSource       : HikariPool-1 - Shutdown completed.
2026-09-14T02:12:19.575+05:30  INFO 13076 --- [reservation-service] [SpringApplicationShutdownHook] com.netflix.discovery.DiscoveryClient    : Shutting down DiscoveryClient ...
2026-09-14T02:12:19.617+05:30  INFO 13076 --- [reservation-service] [DiscoveryClient-InstanceInfoReplicator-%d] com.netflix.discovery.DiscoveryClient    : DiscoveryClient_RESERVATION-SERVICE/AKHIL:reservation-service:8085 - registration status: 204
2026-09-14T02:12:19.619+05:30  INFO 13076 --- [reservation-service] [SpringApplicationShutdownHook] com.netflix.discovery.DiscoveryClient    : Unregistering ...
2026-09-14T02:12:19.711+05:30  INFO 13076 --- [reservation-service] [SpringApplicationShutdownHook] com.netflix.discovery.DiscoveryClient    : DiscoveryClient_RESERVATION-SERVICE/AKHIL:reservation-service:8085 - deregister  status: 200
2026-09-14T02:12:19.712+05:30  INFO 13076 --- [reservation-service] [SpringApplicationShutdownHook] com.netflix.discovery.DiscoveryClient    : Completed shut down of DiscoveryClient
2026-09-14T02:12:25.550+05:30  INFO 28436 --- [reservation-service] [main] c.r.r.ReservationServiceApplication      : Starting ReservationServiceApplication using Java 22.0.2 with PID 28436 (C:\Users\sprak\Desktop\railway-reservation-system\reservation-service\target\classes started by sprak in C:\Users\sprak\Desktop\railway-reservation-system\reservation-service)
2026-09-14T02:12:25.552+05:30 DEBUG 28436 --- [reservation-service] [main] c.r.r.ReservationServiceApplication      : Running with Spring Boot v4.1.1, Spring v7.0.9
2026-09-14T02:12:25.553+05:30  INFO 28436 --- [reservation-service] [main] c.r.r.ReservationServiceApplication      : No active profile set, falling back to 1 default profile: "default"
2026-09-14T02:12:25.588+05:30  INFO 28436 --- [reservation-service] [main] o.s.c.c.c.ConfigServerConfigDataLoader   : Fetching config from server at : http://localhost:8888
2026-09-14T02:12:25.589+05:30  INFO 28436 --- [reservation-service] [main] o.s.c.c.c.ConfigServerConfigDataLoader   : Located environment: name=reservation-service, profiles=[default], label=null, version=null, state=null
2026-09-14T02:12:26.701+05:30  INFO 28436 --- [reservation-service] [main] .s.d.r.c.RepositoryConfigurationDelegate : Bootstrapping Spring Data JPA repositories in DEFAULT mode.
2026-09-14T02:12:26.819+05:30  INFO 28436 --- [reservation-service] [main] .s.d.r.c.RepositoryConfigurationDelegate : Finished Spring Data repository scanning in 111 ms. Found 1 JPA repository interface.
2026-09-14T02:12:27.237+05:30  INFO 28436 --- [reservation-service] [main] o.s.cloud.context.scope.GenericScope     : BeanFactory id=da79389a-2c4a-3fcf-9d55-6dbce424f54d
2026-09-14T02:12:27.896+05:30  INFO 28436 --- [reservation-service] [main] o.s.boot.tomcat.TomcatWebServer          : Tomcat initialized with port 8085 (http)
2026-09-14T02:12:27.910+05:30  INFO 28436 --- [reservation-service] [main] o.apache.catalina.core.StandardService   : Starting service [Tomcat]
2026-09-14T02:12:27.910+05:30  INFO 28436 --- [reservation-service] [main] o.apache.catalina.core.StandardEngine    : Starting Servlet engine: [Apache Tomcat/11.0.24]
2026-09-14T02:12:27.978+05:30  INFO 28436 --- [reservation-service] [main] b.w.c.s.WebApplicationContextInitializer : Root WebApplicationContext: initialization completed in 2387 ms
2026-09-14T02:12:28.289+05:30 DEBUG 28436 --- [reservation-service] [main] c.r.r.config.JwtAuthFilter               : Filter 'jwtAuthFilter' configured for use
2026-09-14T02:12:28.473+05:30  INFO 28436 --- [reservation-service] [main] org.hibernate.orm.jpa                    : HHH008540: Processing PersistenceUnitInfo [name: default]
2026-09-14T02:12:28.540+05:30  INFO 28436 --- [reservation-service] [main] org.hibernate.orm.core                   : HHH000001: Hibernate ORM core version 7.4.5.Final
2026-09-14T02:12:28.983+05:30  INFO 28436 --- [reservation-service] [main] o.s.o.j.p.SpringPersistenceUnitInfo      : No LoadTimeWeaver setup: ignoring JPA class transformer
2026-09-14T02:12:29.023+05:30  INFO 28436 --- [reservation-service] [main] com.zaxxer.hikari.HikariDataSource       : HikariPool-1 - Starting...
2026-09-14T02:12:29.327+05:30  INFO 28436 --- [reservation-service] [main] com.zaxxer.hikari.pool.HikariPool        : HikariPool-1 - Added connection com.mysql.cj.jdbc.ConnectionImpl@672710d5
2026-09-14T02:12:29.329+05:30  INFO 28436 --- [reservation-service] [main] com.zaxxer.hikari.HikariDataSource       : HikariPool-1 - Start completed.
2026-09-14T02:12:29.412+05:30  INFO 28436 --- [reservation-service] [main] org.hibernate.orm.connections.pooling    : HHH10001005: Database info:
	Database JDBC URL [jdbc:mysql://localhost:3306/railway_reservation_db?updateTimeZone=true]
	Database driver: MySQL Connector/J
	Database dialect: MySQLDialect
	Database version: 8.0.43
	Default catalog/schema: railway_reservation_db/undefined
	Autocommit mode: undefined/unknown
	Isolation level: REPEATABLE_READ [default REPEATABLE_READ]
	JDBC fetch size: none
	Pool: DataSourceConnectionProvider
	Minimum pool size: undefined/unknown
	Maximum pool size: undefined/unknown
2026-09-14T02:12:30.398+05:30  INFO 28436 --- [reservation-service] [main] org.hibernate.orm.core                   : HHH000489: No JTA platform available (set 'hibernate.transaction.jta.platform' to enable JTA platform integration)
2026-09-14T02:12:30.475+05:30  INFO 28436 --- [reservation-service] [main] j.LocalContainerEntityManagerFactoryBean : Initialized JPA EntityManagerFactory for persistence unit 'default'
2026-09-14T02:12:30.642+05:30  INFO 28436 --- [reservation-service] [main] o.s.d.j.r.query.QueryEnhancerFactories   : Hibernate is in classpath; If applicable, HQL parser will be used.
2026-09-14T02:12:31.051+05:30  WARN 28436 --- [reservation-service] [main] JpaBaseConfiguration$JpaWebConfiguration : spring.jpa.open-in-view is enabled by default. Therefore, database queries may be performed during view rendering. Explicitly configure spring.jpa.open-in-view to disable this warning
2026-09-14T02:12:31.264+05:30  INFO 28436 --- [reservation-service] [main] o.s.c.openfeign.FeignClientFactoryBean   : For 'pnr-service' URL not provided. Will try picking an instance via load-balancing.
2026-09-14T02:12:31.999+05:30  WARN 28436 --- [reservation-service] [main] .s.a.UserDetailsServiceAutoConfiguration : 

Using generated security password: 5140ab48-82f6-4fbc-b72b-6e73c9bced68

This generated password is for development use only. Your security configuration must be updated before running your application in production.

2026-09-14T02:12:32.014+05:30  INFO 28436 --- [reservation-service] [main] r$InitializeUserDetailsManagerConfigurer : Global AuthenticationManager configured with UserDetailsService bean with name inMemoryUserDetailsManager
2026-09-14T02:12:34.263+05:30  INFO 28436 --- [reservation-service] [main] DiscoveryClientOptionalArgsConfiguration : Eureka HTTP Client uses RestClient.
2026-09-14T02:12:34.341+05:30  WARN 28436 --- [reservation-service] [main] iguration$LoadBalancerCaffeineWarnLogger : Spring Cloud LoadBalancer is currently working with the default cache. While this cache implementation is useful for development and tests, it's recommended to use Caffeine cache in production.You can switch to using Caffeine cache, by adding it and org.springframework.cache.caffeine.CaffeineCacheManager to the classpath.
2026-09-14T02:12:34.370+05:30  INFO 28436 --- [reservation-service] [main] o.s.b.a.e.web.EndpointLinksResolver      : Exposing 1 endpoint beneath base path '/actuator'
2026-09-14T02:12:34.501+05:30  INFO 28436 --- [reservation-service] [main] o.s.c.n.eureka.InstanceInfoFactory       : Setting initial instance status as: STARTING
2026-09-14T02:12:34.528+05:30  INFO 28436 --- [reservation-service] [main] com.netflix.discovery.DiscoveryClient    : Initializing Eureka in region us-east-1
2026-09-14T02:12:34.532+05:30  INFO 28436 --- [reservation-service] [main] c.n.d.s.r.aws.ConfigClusterResolver      : Resolving eureka endpoints via configuration
2026-09-14T02:12:34.540+05:30  INFO 28436 --- [reservation-service] [main] com.netflix.discovery.DiscoveryClient    : Disable delta property : false
2026-09-14T02:12:34.540+05:30  INFO 28436 --- [reservation-service] [main] com.netflix.discovery.DiscoveryClient    : Single vip registry refresh property : null
2026-09-14T02:12:34.540+05:30  INFO 28436 --- [reservation-service] [main] com.netflix.discovery.DiscoveryClient    : Force full registry fetch : false
2026-09-14T02:12:34.541+05:30  INFO 28436 --- [reservation-service] [main] com.netflix.discovery.DiscoveryClient    : Application is null : false
2026-09-14T02:12:34.541+05:30  INFO 28436 --- [reservation-service] [main] com.netflix.discovery.DiscoveryClient    : Registered Applications size is zero : true
2026-09-14T02:12:34.541+05:30  INFO 28436 --- [reservation-service] [main] com.netflix.discovery.DiscoveryClient    : Application version is -1: true
2026-09-14T02:12:34.541+05:30  INFO 28436 --- [reservation-service] [main] com.netflix.discovery.DiscoveryClient    : Getting all instance registry info from the eureka server
2026-09-14T02:12:34.896+05:30  INFO 28436 --- [reservation-service] [main] com.netflix.discovery.DiscoveryClient    : The response status is 200
2026-09-14T02:12:34.897+05:30  INFO 28436 --- [reservation-service] [main] com.netflix.discovery.DiscoveryClient    : Starting heartbeat executor: renew interval is: 30
2026-09-14T02:12:34.899+05:30  INFO 28436 --- [reservation-service] [main] c.n.discovery.InstanceInfoReplicator     : InstanceInfoReplicator onDemand update allowed rate per min is 4
2026-09-14T02:12:34.901+05:30  INFO 28436 --- [reservation-service] [main] com.netflix.discovery.DiscoveryClient    : Discovery Client initialized at timestamp 1789332154900 with initial instances count: 9
2026-09-14T02:12:34.911+05:30  INFO 28436 --- [reservation-service] [main] o.s.c.n.e.s.EurekaServiceRegistry        : Registering application RESERVATION-SERVICE with eureka with status UP
2026-09-14T02:12:34.912+05:30  INFO 28436 --- [reservation-service] [main] com.netflix.discovery.DiscoveryClient    : Saw local status change event StatusChangeEvent [timestamp=1789332154912, current=UP, previous=STARTING]
2026-09-14T02:12:34.913+05:30  INFO 28436 --- [reservation-service] [DiscoveryClient-InstanceInfoReplicator-%d] com.netflix.discovery.DiscoveryClient    : DiscoveryClient_RESERVATION-SERVICE/AKHIL:reservation-service:8085: registering service...
2026-09-14T02:12:34.935+05:30  INFO 28436 --- [reservation-service] [main] o.s.boot.tomcat.TomcatWebServer          : Tomcat started on port 8085 (http) with context path '/'
2026-09-14T02:12:34.936+05:30  INFO 28436 --- [reservation-service] [main] .s.c.n.e.s.EurekaAutoServiceRegistration : Updating port to 8085
2026-09-14T02:12:34.962+05:30  INFO 28436 --- [reservation-service] [main] c.r.r.ReservationServiceApplication      : Started ReservationServiceApplication in 10.803 seconds (process running for 11.895)
2026-09-14T02:12:34.972+05:30  WARN 28436 --- [reservation-service] [main] o.s.core.events.SpringDocAppInitializer  : SpringDoc /api/reservations/v3/api-docs endpoint is enabled by default. To disable it in production, set the property 'springdoc.api-docs.enabled=false'
2026-09-14T02:12:34.972+05:30  WARN 28436 --- [reservation-service] [main] o.s.core.events.SpringDocAppInitializer  : SpringDoc /swagger-ui.html endpoint is enabled by default. To disable it in production, set the property 'springdoc.swagger-ui.enabled=false'
2026-09-14T02:12:35.035+05:30  INFO 28436 --- [reservation-service] [DiscoveryClient-InstanceInfoReplicator-%d] com.netflix.discovery.DiscoveryClient    : DiscoveryClient_RESERVATION-SERVICE/AKHIL:reservation-service:8085 - registration status: 204
2026-09-14T02:12:35.415+05:30  INFO 28436 --- [reservation-service] [RMI TCP Connection(2)-192.168.0.103] o.a.c.c.C.[Tomcat].[localhost].[/]       : Initializing Spring DispatcherServlet 'dispatcherServlet'
2026-09-14T02:12:35.415+05:30  INFO 28436 --- [reservation-service] [RMI TCP Connection(2)-192.168.0.103] o.s.web.servlet.DispatcherServlet        : Initializing Servlet 'dispatcherServlet'
2026-09-14T02:12:35.415+05:30  INFO 28436 --- [reservation-service] [RMI TCP Connection(1)-192.168.0.103] o.s.a.r.c.CachingConnectionFactory       : Attempting to connect to: [puffin.rmq2.cloudamqp.com:5671]
2026-09-14T02:12:35.420+05:30  INFO 28436 --- [reservation-service] [RMI TCP Connection(2)-192.168.0.103] o.s.web.servlet.DispatcherServlet        : Completed initialization in 5 ms
2026-09-14T02:12:35.629+05:30  INFO 28436 --- [reservation-service] [RMI TCP Connection(1)-192.168.0.103] o.s.a.r.c.CachingConnectionFactory       : Created new connection: rabbitConnectionFactory#11138809:0/SimpleConnection@7bccbda9 [delegate=amqp://msixzfoj@15.206.140.228:5671/msixzfoj, localPort=56912]
2026-09-14T02:12:35.831+05:30  INFO 28436 --- [reservation-service] [http-nio-8085-exec-1] o.springdoc.api.AbstractOpenApiResource  : Init duration for springdoc-openapi is: 285 ms
2026-09-14T02:17:34.555+05:30  INFO 28436 --- [reservation-service] [AsyncResolver-bootstrap-executor-%d] c.n.d.s.r.aws.ConfigClusterResolver      : Resolving eureka endpoints via configuration
2026-09-14T02:22:34.569+05:30  INFO 28436 --- [reservation-service] [AsyncResolver-bootstrap-executor-%d] c.n.d.s.r.aws.ConfigClusterResolver      : Resolving eureka endpoints via configuration
2026-09-14T02:27:34.578+05:30  INFO 28436 --- [reservation-service] [AsyncResolver-bootstrap-executor-%d] c.n.d.s.r.aws.ConfigClusterResolver      : Resolving eureka endpoints via configuration
2026-09-14T02:32:34.587+05:30  INFO 28436 --- [reservation-service] [AsyncResolver-bootstrap-executor-%d] c.n.d.s.r.aws.ConfigClusterResolver      : Resolving eureka endpoints via configuration
2026-09-14T02:37:34.593+05:30  INFO 28436 --- [reservation-service] [AsyncResolver-bootstrap-executor-%d] c.n.d.s.r.aws.ConfigClusterResolver      : Resolving eureka endpoints via configuration
2026-09-14T02:42:34.608+05:30  INFO 28436 --- [reservation-service] [AsyncResolver-bootstrap-executor-%d] c.n.d.s.r.aws.ConfigClusterResolver      : Resolving eureka endpoints via configuration
2026-09-14T02:47:34.612+05:30  INFO 28436 --- [reservation-service] [AsyncResolver-bootstrap-executor-%d] c.n.d.s.r.aws.ConfigClusterResolver      : Resolving eureka endpoints via configuration
2026-09-14T02:52:34.626+05:30  INFO 28436 --- [reservation-service] [AsyncResolver-bootstrap-executor-%d] c.n.d.s.r.aws.ConfigClusterResolver      : Resolving eureka endpoints via configuration
2026-09-14T02:57:34.633+05:30  INFO 28436 --- [reservation-service] [AsyncResolver-bootstrap-executor-%d] c.n.d.s.r.aws.ConfigClusterResolver      : Resolving eureka endpoints via configuration
2026-09-14T03:02:34.641+05:30  INFO 28436 --- [reservation-service] [AsyncResolver-bootstrap-executor-%d] c.n.d.s.r.aws.ConfigClusterResolver      : Resolving eureka endpoints via configuration
2026-09-14T03:07:34.647+05:30  INFO 28436 --- [reservation-service] [AsyncResolver-bootstrap-executor-%d] c.n.d.s.r.aws.ConfigClusterResolver      : Resolving eureka endpoints via configuration
2026-09-14T03:12:34.656+05:30  INFO 28436 --- [reservation-service] [AsyncResolver-bootstrap-executor-%d] c.n.d.s.r.aws.ConfigClusterResolver      : Resolving eureka endpoints via configuration
2026-09-14T03:16:36.665+05:30  WARN 28436 --- [reservation-service] [AMQP Connection 15.206.140.228:5671] c.r.c.impl.ForgivingExceptionHandler     : An unexpected connection driver error occurred (Exception message: Connection reset)
2026-09-14T03:16:56.396+05:30  WARN 28436 --- [reservation-service] [HikariPool-1:housekeeper] com.zaxxer.hikari.pool.HikariPool        : HikariPool-1 - Thread starvation or clock leap detected (housekeeper delta=2m26s53ms54µs500ns).
2026-09-14T03:17:21.552+05:30  INFO 28436 --- [reservation-service] [SpringApplicationShutdownHook] o.s.c.n.e.s.EurekaServiceRegistry        : Unregistering application RESERVATION-SERVICE with eureka with status DOWN
2026-09-14T03:17:21.553+05:30  INFO 28436 --- [reservation-service] [SpringApplicationShutdownHook] com.netflix.discovery.DiscoveryClient    : Saw local status change event StatusChangeEvent [timestamp=1789336041553, current=DOWN, previous=UP]
2026-09-14T03:17:21.553+05:30  INFO 28436 --- [reservation-service] [DiscoveryClient-InstanceInfoReplicator-%d] com.netflix.discovery.DiscoveryClient    : DiscoveryClient_RESERVATION-SERVICE/AKHIL:reservation-service:8085: registering service...
2026-09-14T03:17:21.565+05:30  INFO 28436 --- [reservation-service] [SpringApplicationShutdownHook] o.s.boot.tomcat.GracefulShutdown         : Commencing graceful shutdown. Waiting for active requests to complete
2026-09-14T03:17:21.577+05:30  INFO 28436 --- [reservation-service] [tomcat-shutdown] o.s.boot.tomcat.GracefulShutdown         : Graceful shutdown complete
2026-09-14T03:17:21.569+05:30  INFO 28436 --- [reservation-service] [DiscoveryClient-InstanceInfoReplicator-%d] c.n.d.s.t.d.RedirectingEurekaHttpClient  : Request execution error. endpoint=DefaultEndpoint{ serviceUrl='http://eureka_admin:eureka_password_123@localhost:8761/eureka/} exception=I/O error on POST request for "http://localhost:8761/eureka/apps/RESERVATION-SERVICE": Connect to http://localhost:8761 failed: Connection refused: getsockopt

org.springframework.web.client.ResourceAccessException: I/O error on POST request for "http://localhost:8761/eureka/apps/RESERVATION-SERVICE": Connect to http://localhost:8761 failed: Connection refused: getsockopt
	at org.springframework.web.client.DefaultRestClient$DefaultRequestBodyUriSpec.createResourceAccessException(DefaultRestClient.java:779) ~[spring-web-7.0.9.jar:7.0.9]
	at org.springframework.web.client.DefaultRestClient$DefaultRequestBodyUriSpec.exchangeInternal(DefaultRestClient.java:624) ~[spring-web-7.0.9.jar:7.0.9]
	at org.springframework.web.client.DefaultRestClient$DefaultRequestBodyUriSpec.exchange(DefaultRestClient.java:572) ~[spring-web-7.0.9.jar:7.0.9]
	at org.springframework.web.client.RestClient$RequestHeadersSpec.exchange(RestClient.java:747) ~[spring-web-7.0.9.jar:7.0.9]
	at org.springframework.web.client.DefaultRestClient$DefaultResponseSpec.executeAndExtract(DefaultRestClient.java:924) ~[spring-web-7.0.9.jar:7.0.9]
	at org.springframework.web.client.DefaultRestClient$DefaultResponseSpec.toBodilessEntity(DefaultRestClient.java:888) ~[spring-web-7.0.9.jar:7.0.9]
	at org.springframework.cloud.netflix.eureka.http.RestClientEurekaHttpClient.register(RestClientEurekaHttpClient.java:64) ~[spring-cloud-netflix-eureka-client-5.0.2.jar:5.0.2]
	at com.netflix.discovery.shared.transport.decorator.EurekaHttpClientDecorator$1.execute(EurekaHttpClientDecorator.java:59) ~[eureka-client-2.0.6.jar:2.0.6]
	at com.netflix.discovery.shared.transport.decorator.RedirectingEurekaHttpClient.execute(RedirectingEurekaHttpClient.java:90) ~[eureka-client-2.0.6.jar:2.0.6]
	at com.netflix.discovery.shared.transport.decorator.EurekaHttpClientDecorator.register(EurekaHttpClientDecorator.java:56) ~[eureka-client-2.0.6.jar:2.0.6]
	at com.netflix.discovery.shared.transport.decorator.EurekaHttpClientDecorator$1.execute(EurekaHttpClientDecorator.java:59) ~[eureka-client-2.0.6.jar:2.0.6]
	at com.netflix.discovery.shared.transport.decorator.RetryableEurekaHttpClient.execute(RetryableEurekaHttpClient.java:120) ~[eureka-client-2.0.6.jar:2.0.6]
	at com.netflix.discovery.shared.transport.decorator.EurekaHttpClientDecorator.register(EurekaHttpClientDecorator.java:56) ~[eureka-client-2.0.6.jar:2.0.6]
	at com.netflix.discovery.shared.transport.decorator.EurekaHttpClientDecorator$1.execute(EurekaHttpClientDecorator.java:59) ~[eureka-client-2.0.6.jar:2.0.6]
	at com.netflix.discovery.shared.transport.decorator.SessionedEurekaHttpClient.execute(SessionedEurekaHttpClient.java:76) ~[eureka-client-2.0.6.jar:2.0.6]
	at com.netflix.discovery.shared.transport.decorator.EurekaHttpClientDecorator.register(EurekaHttpClientDecorator.java:56) ~[eureka-client-2.0.6.jar:2.0.6]
	at com.netflix.discovery.DiscoveryClient.register(DiscoveryClient.java:843) ~[eureka-client-2.0.6.jar:2.0.6]
	at com.netflix.discovery.InstanceInfoReplicator.run(InstanceInfoReplicator.java:125) ~[eureka-client-2.0.6.jar:2.0.6]
	at com.netflix.discovery.InstanceInfoReplicator$2.run(InstanceInfoReplicator.java:105) ~[eureka-client-2.0.6.jar:2.0.6]
	at java.base/java.util.concurrent.Executors$RunnableAdapter.call(Executors.java:572) ~[na:na]
	at java.base/java.util.concurrent.FutureTask.run(FutureTask.java:317) ~[na:na]
	at java.base/java.util.concurrent.ScheduledThreadPoolExecutor$ScheduledFutureTask.run(ScheduledThreadPoolExecutor.java:304) ~[na:na]
	at java.base/java.util.concurrent.ThreadPoolExecutor.runWorker(ThreadPoolExecutor.java:1144) ~[na:na]
	at java.base/java.util.concurrent.ThreadPoolExecutor$Worker.run(ThreadPoolExecutor.java:642) ~[na:na]
	at java.base/java.lang.Thread.run(Thread.java:1570) ~[na:na]
Caused by: org.apache.hc.client5.http.HttpHostConnectException: Connect to http://localhost:8761 failed: Connection refused: getsockopt
	at java.base/sun.nio.ch.Net.pollConnect(Native Method) ~[na:na]
	at java.base/sun.nio.ch.Net.pollConnectNow(Net.java:682) ~[na:na]
	at java.base/sun.nio.ch.NioSocketImpl.timedFinishConnect(NioSocketImpl.java:542) ~[na:na]
	at java.base/sun.nio.ch.NioSocketImpl.connect(NioSocketImpl.java:592) ~[na:na]
	at java.base/java.net.SocksSocketImpl.connect(SocksSocketImpl.java:327) ~[na:na]
	at java.base/java.net.Socket.connect(Socket.java:752) ~[na:na]
	at org.apache.hc.client5.http.impl.io.DefaultHttpClientConnectionOperator.connect(DefaultHttpClientConnectionOperator.java:219) ~[httpclient5-5.6.4.jar:5.6.4]
	at org.apache.hc.client5.http.impl.io.PoolingHttpClientConnectionManager.connect(PoolingHttpClientConnectionManager.java:547) ~[httpclient5-5.6.4.jar:5.6.4]
	at org.apache.hc.client5.http.impl.classic.InternalExecRuntime.connectEndpoint(InternalExecRuntime.java:164) ~[httpclient5-5.6.4.jar:5.6.4]
	at org.apache.hc.client5.http.impl.classic.InternalExecRuntime.connectEndpoint(InternalExecRuntime.java:174) ~[httpclient5-5.6.4.jar:5.6.4]
	at org.apache.hc.client5.http.impl.classic.ConnectExec.execute(ConnectExec.java:144) ~[httpclient5-5.6.4.jar:5.6.4]
	at org.apache.hc.client5.http.impl.classic.ExecChainElement.execute(ExecChainElement.java:51) ~[httpclient5-5.6.4.jar:5.6.4]
	at org.apache.hc.client5.http.impl.classic.ProtocolExec.execute(ProtocolExec.java:192) ~[httpclient5-5.6.4.jar:5.6.4]
	at org.apache.hc.client5.http.impl.classic.ExecChainElement.execute(ExecChainElement.java:51) ~[httpclient5-5.6.4.jar:5.6.4]
	at org.apache.hc.client5.http.impl.classic.ContentCompressionExec.execute(ContentCompressionExec.java:138) ~[httpclient5-5.6.4.jar:5.6.4]
	at org.apache.hc.client5.http.impl.classic.ExecChainElement.execute(ExecChainElement.java:51) ~[httpclient5-5.6.4.jar:5.6.4]
	at org.apache.hc.client5.http.impl.classic.HttpRequestRetryExec.execute(HttpRequestRetryExec.java:112) ~[httpclient5-5.6.4.jar:5.6.4]
	at org.apache.hc.client5.http.impl.classic.ExecChainElement.execute(ExecChainElement.java:51) ~[httpclient5-5.6.4.jar:5.6.4]
	at org.apache.hc.client5.http.impl.classic.RedirectExec.execute(RedirectExec.java:110) ~[httpclient5-5.6.4.jar:5.6.4]
	at org.apache.hc.client5.http.impl.classic.ExecChainElement.execute(ExecChainElement.java:51) ~[httpclient5-5.6.4.jar:5.6.4]
	at org.apache.hc.client5.http.impl.classic.InternalHttpClient.doExecute(InternalHttpClient.java:186) ~[httpclient5-5.6.4.jar:5.6.4]
	at org.apache.hc.client5.http.impl.classic.CloseableHttpClient.execute(CloseableHttpClient.java:87) ~[httpclient5-5.6.4.jar:5.6.4]
	at org.apache.hc.client5.http.impl.classic.CloseableHttpClient.execute(CloseableHttpClient.java:55) ~[httpclient5-5.6.4.jar:5.6.4]
	at org.apache.hc.client5.http.classic.HttpClient.executeOpen(HttpClient.java:183) ~[httpclient5-5.6.4.jar:5.6.4]
	at org.springframework.http.client.HttpComponentsClientHttpRequest.executeInternal(HttpComponentsClientHttpRequest.java:99) ~[spring-web-7.0.9.jar:7.0.9]
	at org.springframework.http.client.AbstractStreamingClientHttpRequest.executeInternal(AbstractStreamingClientHttpRequest.java:87) ~[spring-web-7.0.9.jar:7.0.9]
	at org.springframework.http.client.AbstractClientHttpRequest.execute(AbstractClientHttpRequest.java:80) ~[spring-web-7.0.9.jar:7.0.9]
	at org.springframework.http.client.AbstractBufferingClientHttpRequest.executeWithRequestAndBody(AbstractBufferingClientHttpRequest.java:89) ~[spring-web-7.0.9.jar:7.0.9]
	at org.springframework.http.client.InterceptingClientHttpRequest$EndOfChainRequestExecution.execute(InterceptingClientHttpRequest.java:102) ~[spring-web-7.0.9.jar:7.0.9]
	at org.springframework.cloud.netflix.eureka.http.RestClientTransportClientFactory.lambda$newClient$2(RestClientTransportClientFactory.java:98) ~[spring-cloud-netflix-eureka-client-5.0.2.jar:5.0.2]
	at org.springframework.http.client.ClientHttpRequestInterceptor.lambda$andThen$1(ClientHttpRequestInterceptor.java:75) ~[spring-web-7.0.9.jar:7.0.9]
	at org.springframework.http.client.support.BasicAuthenticationInterceptor.intercept(BasicAuthenticationInterceptor.java:80) ~[spring-web-7.0.9.jar:7.0.9]
	at org.springframework.http.client.ClientHttpRequestInterceptor.lambda$andThen$0(ClientHttpRequestInterceptor.java:76) ~[spring-web-7.0.9.jar:7.0.9]
	at org.springframework.http.client.ClientHttpRequestInterceptor.lambda$apply$0(ClientHttpRequestInterceptor.java:89) ~[spring-web-7.0.9.jar:7.0.9]
	at org.springframework.http.client.InterceptingClientHttpRequest.executeInternal(InterceptingClientHttpRequest.java:73) ~[spring-web-7.0.9.jar:7.0.9]
	at org.springframework.http.client.AbstractBufferingClientHttpRequest.executeInternal(AbstractBufferingClientHttpRequest.java:50) ~[spring-web-7.0.9.jar:7.0.9]
	at org.springframework.http.client.AbstractClientHttpRequest.execute(AbstractClientHttpRequest.java:80) ~[spring-web-7.0.9.jar:7.0.9]
	at org.springframework.web.client.DefaultRestClient$DefaultRequestBodyUriSpec.exchangeInternal(DefaultRestClient.java:614) ~[spring-web-7.0.9.jar:7.0.9]
	... 23 common frames omitted

2026-09-14T03:17:21.579+05:30  WARN 28436 --- [reservation-service] [DiscoveryClient-InstanceInfoReplicator-%d] c.n.d.s.t.d.RetryableEurekaHttpClient    : Request execution failed with message: I/O error on POST request for "http://localhost:8761/eureka/apps/RESERVATION-SERVICE": Connect to http://localhost:8761 failed: Connection refused: getsockopt
2026-09-14T03:17:21.591+05:30  INFO 28436 --- [reservation-service] [DiscoveryClient-InstanceInfoReplicator-%d] c.n.d.s.t.d.RedirectingEurekaHttpClient  : Request execution error. endpoint=DefaultEndpoint{ serviceUrl='http://eureka_admin:eureka_password_123@localhost:8761/eureka/}, exception=I/O error on POST request for "http://localhost:8761/eureka/apps/RESERVATION-SERVICE": Connect to http://localhost:8761 failed: Connection refused: getsockopt

org.springframework.web.client.ResourceAccessException: I/O error on POST request for "http://localhost:8761/eureka/apps/RESERVATION-SERVICE": Connect to http://localhost:8761 failed: Connection refused: getsockopt
	at org.springframework.web.client.DefaultRestClient$DefaultRequestBodyUriSpec.createResourceAccessException(DefaultRestClient.java:779) ~[spring-web-7.0.9.jar:7.0.9]
	at org.springframework.web.client.DefaultRestClient$DefaultRequestBodyUriSpec.exchangeInternal(DefaultRestClient.java:624) ~[spring-web-7.0.9.jar:7.0.9]
	at org.springframework.web.client.DefaultRestClient$DefaultRequestBodyUriSpec.exchange(DefaultRestClient.java:572) ~[spring-web-7.0.9.jar:7.0.9]
	at org.springframework.web.client.RestClient$RequestHeadersSpec.exchange(RestClient.java:747) ~[spring-web-7.0.9.jar:7.0.9]
	at org.springframework.web.client.DefaultRestClient$DefaultResponseSpec.executeAndExtract(DefaultRestClient.java:924) ~[spring-web-7.0.9.jar:7.0.9]
	at org.springframework.web.client.DefaultRestClient$DefaultResponseSpec.toBodilessEntity(DefaultRestClient.java:888) ~[spring-web-7.0.9.jar:7.0.9]
	at org.springframework.cloud.netflix.eureka.http.RestClientEurekaHttpClient.register(RestClientEurekaHttpClient.java:64) ~[spring-cloud-netflix-eureka-client-5.0.2.jar:5.0.2]
	at com.netflix.discovery.shared.transport.decorator.EurekaHttpClientDecorator$1.execute(EurekaHttpClientDecorator.java:59) ~[eureka-client-2.0.6.jar:2.0.6]
	at com.netflix.discovery.shared.transport.decorator.RedirectingEurekaHttpClient.executeOnNewServer(RedirectingEurekaHttpClient.java:120) ~[eureka-client-2.0.6.jar:2.0.6]
	at com.netflix.discovery.shared.transport.decorator.RedirectingEurekaHttpClient.execute(RedirectingEurekaHttpClient.java:79) ~[eureka-client-2.0.6.jar:2.0.6]
	at com.netflix.discovery.shared.transport.decorator.EurekaHttpClientDecorator.register(EurekaHttpClientDecorator.java:56) ~[eureka-client-2.0.6.jar:2.0.6]
	at com.netflix.discovery.shared.transport.decorator.EurekaHttpClientDecorator$1.execute(EurekaHttpClientDecorator.java:59) ~[eureka-client-2.0.6.jar:2.0.6]
	at com.netflix.discovery.shared.transport.decorator.RetryableEurekaHttpClient.execute(RetryableEurekaHttpClient.java:120) ~[eureka-client-2.0.6.jar:2.0.6]
	at com.netflix.discovery.shared.transport.decorator.EurekaHttpClientDecorator.register(EurekaHttpClientDecorator.java:56) ~[eureka-client-2.0.6.jar:2.0.6]
	at com.netflix.discovery.shared.transport.decorator.EurekaHttpClientDecorator$1.execute(EurekaHttpClientDecorator.java:59) ~[eureka-client-2.0.6.jar:2.0.6]
	at com.netflix.discovery.shared.transport.decorator.SessionedEurekaHttpClient.execute(SessionedEurekaHttpClient.java:76) ~[eureka-client-2.0.6.jar:2.0.6]
	at com.netflix.discovery.shared.transport.decorator.EurekaHttpClientDecorator.register(EurekaHttpClientDecorator.java:56) ~[eureka-client-2.0.6.jar:2.0.6]
	at com.netflix.discovery.DiscoveryClient.register(DiscoveryClient.java:843) ~[eureka-client-2.0.6.jar:2.0.6]
	at com.netflix.discovery.InstanceInfoReplicator.run(InstanceInfoReplicator.java:125) ~[eureka-client-2.0.6.jar:2.0.6]
	at com.netflix.discovery.InstanceInfoReplicator$2.run(InstanceInfoReplicator.java:105) ~[eureka-client-2.0.6.jar:2.0.6]
	at java.base/java.util.concurrent.Executors$RunnableAdapter.call(Executors.java:572) ~[na:na]
	at java.base/java.util.concurrent.FutureTask.run(FutureTask.java:317) ~[na:na]
	at java.base/java.util.concurrent.ScheduledThreadPoolExecutor$ScheduledFutureTask.run(ScheduledThreadPoolExecutor.java:304) ~[na:na]
	at java.base/java.util.concurrent.ThreadPoolExecutor.runWorker(ThreadPoolExecutor.java:1144) ~[na:na]
	at java.base/java.util.concurrent.ThreadPoolExecutor$Worker.run(ThreadPoolExecutor.java:642) ~[na:na]
	at java.base/java.lang.Thread.run(Thread.java:1570) ~[na:na]
Caused by: org.apache.hc.client5.http.HttpHostConnectException: Connect to http://localhost:8761 failed: Connection refused: getsockopt
	at java.base/sun.nio.ch.Net.pollConnect(Native Method) ~[na:na]
	at java.base/sun.nio.ch.Net.pollConnectNow(Net.java:682) ~[na:na]
	at java.base/sun.nio.ch.NioSocketImpl.timedFinishConnect(NioSocketImpl.java:542) ~[na:na]
	at java.base/sun.nio.ch.NioSocketImpl.connect(NioSocketImpl.java:592) ~[na:na]
	at java.base/java.net.SocksSocketImpl.connect(SocksSocketImpl.java:327) ~[na:na]
	at java.base/java.net.Socket.connect(Socket.java:752) ~[na:na]
	at org.apache.hc.client5.http.impl.io.DefaultHttpClientConnectionOperator.connect(DefaultHttpClientConnectionOperator.java:219) ~[httpclient5-5.6.4.jar:5.6.4]
	at org.apache.hc.client5.http.impl.io.PoolingHttpClientConnectionManager.connect(PoolingHttpClientConnectionManager.java:547) ~[httpclient5-5.6.4.jar:5.6.4]
	at org.apache.hc.client5.http.impl.classic.InternalExecRuntime.connectEndpoint(InternalExecRuntime.java:164) ~[httpclient5-5.6.4.jar:5.6.4]
	at org.apache.hc.client5.http.impl.classic.InternalExecRuntime.connectEndpoint(InternalExecRuntime.java:174) ~[httpclient5-5.6.4.jar:5.6.4]
	at org.apache.hc.client5.http.impl.classic.ConnectExec.execute(ConnectExec.java:144) ~[httpclient5-5.6.4.jar:5.6.4]
	at org.apache.hc.client5.http.impl.classic.ExecChainElement.execute(ExecChainElement.java:51) ~[httpclient5-5.6.4.jar:5.6.4]
	at org.apache.hc.client5.http.impl.classic.ProtocolExec.execute(ProtocolExec.java:192) ~[httpclient5-5.6.4.jar:5.6.4]
	at org.apache.hc.client5.http.impl.classic.ExecChainElement.execute(ExecChainElement.java:51) ~[httpclient5-5.6.4.jar:5.6.4]
	at org.apache.hc.client5.http.impl.classic.ContentCompressionExec.execute(ContentCompressionExec.java:138) ~[httpclient5-5.6.4.jar:5.6.4]
	at org.apache.hc.client5.http.impl.classic.ExecChainElement.execute(ExecChainElement.java:51) ~[httpclient5-5.6.4.jar:5.6.4]
	at org.apache.hc.client5.http.impl.classic.HttpRequestRetryExec.execute(HttpRequestRetryExec.java:112) ~[httpclient5-5.6.4.jar:5.6.4]
	at org.apache.hc.client5.http.impl.classic.ExecChainElement.execute(ExecChainElement.java:51) ~[httpclient5-5.6.4.jar:5.6.4]
	at org.apache.hc.client5.http.impl.classic.RedirectExec.execute(RedirectExec.java:110) ~[httpclient5-5.6.4.jar:5.6.4]
	at org.apache.hc.client5.http.impl.classic.ExecChainElement.execute(ExecChainElement.java:51) ~[httpclient5-5.6.4.jar:5.6.4]
	at org.apache.hc.client5.http.impl.classic.InternalHttpClient.doExecute(InternalHttpClient.java:186) ~[httpclient5-5.6.4.jar:5.6.4]
	at org.apache.hc.client5.http.impl.classic.CloseableHttpClient.execute(CloseableHttpClient.java:87) ~[httpclient5-5.6.4.jar:5.6.4]
	at org.apache.hc.client5.http.impl.classic.CloseableHttpClient.execute(CloseableHttpClient.java:55) ~[httpclient5-5.6.4.jar:5.6.4]
	at org.apache.hc.client5.http.classic.HttpClient.executeOpen(HttpClient.java:183) ~[httpclient5-5.6.4.jar:5.6.4]
	at org.springframework.http.client.HttpComponentsClientHttpRequest.executeInternal(HttpComponentsClientHttpRequest.java:99) ~[spring-web-7.0.9.jar:7.0.9]
	at org.springframework.http.client.AbstractStreamingClientHttpRequest.executeInternal(AbstractStreamingClientHttpRequest.java:87) ~[spring-web-7.0.9.jar:7.0.9]
	at org.springframework.http.client.AbstractClientHttpRequest.execute(AbstractClientHttpRequest.java:80) ~[spring-web-7.0.9.jar:7.0.9]
	at org.springframework.http.client.AbstractBufferingClientHttpRequest.executeWithRequestAndBody(AbstractBufferingClientHttpRequest.java:89) ~[spring-web-7.0.9.jar:7.0.9]
	at org.springframework.http.client.InterceptingClientHttpRequest$EndOfChainRequestExecution.execute(InterceptingClientHttpRequest.java:102) ~[spring-web-7.0.9.jar:7.0.9]
	at org.springframework.cloud.netflix.eureka.http.RestClientTransportClientFactory.lambda$newClient$2(RestClientTransportClientFactory.java:98) ~[spring-cloud-netflix-eureka-client-5.0.2.jar:5.0.2]
	at org.springframework.http.client.ClientHttpRequestInterceptor.lambda$andThen$1(ClientHttpRequestInterceptor.java:75) ~[spring-web-7.0.9.jar:7.0.9]
	at org.springframework.http.client.support.BasicAuthenticationInterceptor.intercept(BasicAuthenticationInterceptor.java:80) ~[spring-web-7.0.9.jar:7.0.9]
	at org.springframework.http.client.ClientHttpRequestInterceptor.lambda$andThen$0(ClientHttpRequestInterceptor.java:76) ~[spring-web-7.0.9.jar:7.0.9]
	at org.springframework.http.client.ClientHttpRequestInterceptor.lambda$apply$0(ClientHttpRequestInterceptor.java:89) ~[spring-web-7.0.9.jar:7.0.9]
	at org.springframework.http.client.InterceptingClientHttpRequest.executeInternal(InterceptingClientHttpRequest.java:73) ~[spring-web-7.0.9.jar:7.0.9]
	at org.springframework.http.client.AbstractBufferingClientHttpRequest.executeInternal(AbstractBufferingClientHttpRequest.java:50) ~[spring-web-7.0.9.jar:7.0.9]
	at org.springframework.http.client.AbstractClientHttpRequest.execute(AbstractClientHttpRequest.java:80) ~[spring-web-7.0.9.jar:7.0.9]
	at org.springframework.web.client.DefaultRestClient$DefaultRequestBodyUriSpec.exchangeInternal(DefaultRestClient.java:614) ~[spring-web-7.0.9.jar:7.0.9]
	... 24 common frames omitted

2026-09-14T03:17:21.595+05:30  WARN 28436 --- [reservation-service] [DiscoveryClient-InstanceInfoReplicator-%d] c.n.d.s.t.d.RetryableEurekaHttpClient    : Request execution failed with message: I/O error on POST request for "http://localhost:8761/eureka/apps/RESERVATION-SERVICE": Connect to http://localhost:8761 failed: Connection refused: getsockopt
2026-09-14T03:17:21.595+05:30  WARN 28436 --- [reservation-service] [DiscoveryClient-InstanceInfoReplicator-%d] com.netflix.discovery.DiscoveryClient    : DiscoveryClient_RESERVATION-SERVICE/AKHIL:reservation-service:8085 - registration failed Cannot execute request on any known server

com.netflix.discovery.shared.transport.TransportException: Cannot execute request on any known server
	at com.netflix.discovery.shared.transport.decorator.RetryableEurekaHttpClient.execute(RetryableEurekaHttpClient.java:112) ~[eureka-client-2.0.6.jar:2.0.6]
	at com.netflix.discovery.shared.transport.decorator.EurekaHttpClientDecorator.register(EurekaHttpClientDecorator.java:56) ~[eureka-client-2.0.6.jar:2.0.6]
	at com.netflix.discovery.shared.transport.decorator.EurekaHttpClientDecorator$1.execute(EurekaHttpClientDecorator.java:59) ~[eureka-client-2.0.6.jar:2.0.6]
	at com.netflix.discovery.shared.transport.decorator.SessionedEurekaHttpClient.execute(SessionedEurekaHttpClient.java:76) ~[eureka-client-2.0.6.jar:2.0.6]
	at com.netflix.discovery.shared.transport.decorator.EurekaHttpClientDecorator.register(EurekaHttpClientDecorator.java:56) ~[eureka-client-2.0.6.jar:2.0.6]
	at com.netflix.discovery.DiscoveryClient.register(DiscoveryClient.java:843) ~[eureka-client-2.0.6.jar:2.0.6]
	at com.netflix.discovery.InstanceInfoReplicator.run(InstanceInfoReplicator.java:125) ~[eureka-client-2.0.6.jar:2.0.6]
	at com.netflix.discovery.InstanceInfoReplicator$2.run(InstanceInfoReplicator.java:105) ~[eureka-client-2.0.6.jar:2.0.6]
	at java.base/java.util.concurrent.Executors$RunnableAdapter.call(Executors.java:572) ~[na:na]
	at java.base/java.util.concurrent.FutureTask.run(FutureTask.java:317) ~[na:na]
	at java.base/java.util.concurrent.ScheduledThreadPoolExecutor$ScheduledFutureTask.run(ScheduledThreadPoolExecutor.java:304) ~[na:na]
	at java.base/java.util.concurrent.ThreadPoolExecutor.runWorker(ThreadPoolExecutor.java:1144) ~[na:na]
	at java.base/java.util.concurrent.ThreadPoolExecutor$Worker.run(ThreadPoolExecutor.java:642) ~[na:na]
	at java.base/java.lang.Thread.run(Thread.java:1570) ~[na:na]

2026-09-14T03:17:21.596+05:30  WARN 28436 --- [reservation-service] [DiscoveryClient-InstanceInfoReplicator-%d] c.n.discovery.InstanceInfoReplicator     : There was a problem with the instance info replicator

com.netflix.discovery.shared.transport.TransportException: Cannot execute request on any known server
	at com.netflix.discovery.shared.transport.decorator.RetryableEurekaHttpClient.execute(RetryableEurekaHttpClient.java:112) ~[eureka-client-2.0.6.jar:2.0.6]
	at com.netflix.discovery.shared.transport.decorator.EurekaHttpClientDecorator.register(EurekaHttpClientDecorator.java:56) ~[eureka-client-2.0.6.jar:2.0.6]
	at com.netflix.discovery.shared.transport.decorator.EurekaHttpClientDecorator$1.execute(EurekaHttpClientDecorator.java:59) ~[eureka-client-2.0.6.jar:2.0.6]
	at com.netflix.discovery.shared.transport.decorator.SessionedEurekaHttpClient.execute(SessionedEurekaHttpClient.java:76) ~[eureka-client-2.0.6.jar:2.0.6]
	at com.netflix.discovery.shared.transport.decorator.EurekaHttpClientDecorator.register(EurekaHttpClientDecorator.java:56) ~[eureka-client-2.0.6.jar:2.0.6]
	at com.netflix.discovery.DiscoveryClient.register(DiscoveryClient.java:843) ~[eureka-client-2.0.6.jar:2.0.6]
	at com.netflix.discovery.InstanceInfoReplicator.run(InstanceInfoReplicator.java:125) ~[eureka-client-2.0.6.jar:2.0.6]
	at com.netflix.discovery.InstanceInfoReplicator$2.run(InstanceInfoReplicator.java:105) ~[eureka-client-2.0.6.jar:2.0.6]
	at java.base/java.util.concurrent.Executors$RunnableAdapter.call(Executors.java:572) ~[na:na]
	at java.base/java.util.concurrent.FutureTask.run(FutureTask.java:317) ~[na:na]
	at java.base/java.util.concurrent.ScheduledThreadPoolExecutor$ScheduledFutureTask.run(ScheduledThreadPoolExecutor.java:304) ~[na:na]
	at java.base/java.util.concurrent.ThreadPoolExecutor.runWorker(ThreadPoolExecutor.java:1144) ~[na:na]
	at java.base/java.util.concurrent.ThreadPoolExecutor$Worker.run(ThreadPoolExecutor.java:642) ~[na:na]
	at java.base/java.lang.Thread.run(Thread.java:1570) ~[na:na]

2026-09-14T03:17:21.615+05:30  INFO 28436 --- [reservation-service] [SpringApplicationShutdownHook] j.LocalContainerEntityManagerFactoryBean : Closing JPA EntityManagerFactory for persistence unit 'default'
2026-09-14T03:17:21.623+05:30  INFO 28436 --- [reservation-service] [SpringApplicationShutdownHook] com.zaxxer.hikari.HikariDataSource       : HikariPool-1 - Shutdown initiated...
2026-09-14T03:17:21.632+05:30  INFO 28436 --- [reservation-service] [SpringApplicationShutdownHook] com.zaxxer.hikari.HikariDataSource       : HikariPool-1 - Shutdown completed.
2026-09-14T03:17:21.634+05:30  INFO 28436 --- [reservation-service] [SpringApplicationShutdownHook] com.netflix.discovery.DiscoveryClient    : Shutting down DiscoveryClient ...
2026-09-14T03:17:24.643+05:30  INFO 28436 --- [reservation-service] [SpringApplicationShutdownHook] com.netflix.discovery.DiscoveryClient    : Unregistering ...
2026-09-14T03:17:24.675+05:30  INFO 28436 --- [reservation-service] [SpringApplicationShutdownHook] c.n.d.s.t.d.RedirectingEurekaHttpClient  : Request execution error. endpoint=DefaultEndpoint{ serviceUrl='http://eureka_admin:eureka_password_123@localhost:8761/eureka/}, exception=I/O error on DELETE request for "http://localhost:8761/eureka/apps/RESERVATION-SERVICE/AKHIL:reservation-service:8085": Connect to http://localhost:8761 failed: Connection refused: getsockopt

org.springframework.web.client.ResourceAccessException: I/O error on DELETE request for "http://localhost:8761/eureka/apps/RESERVATION-SERVICE/AKHIL:reservation-service:8085": Connect to http://localhost:8761 failed: Connection refused: getsockopt
	at org.springframework.web.client.DefaultRestClient$DefaultRequestBodyUriSpec.createResourceAccessException(DefaultRestClient.java:779) ~[spring-web-7.0.9.jar:7.0.9]
	at org.springframework.web.client.DefaultRestClient$DefaultRequestBodyUriSpec.exchangeInternal(DefaultRestClient.java:624) ~[spring-web-7.0.9.jar:7.0.9]
	at org.springframework.web.client.DefaultRestClient$DefaultRequestBodyUriSpec.exchange(DefaultRestClient.java:572) ~[spring-web-7.0.9.jar:7.0.9]
	at org.springframework.web.client.RestClient$RequestHeadersSpec.exchange(RestClient.java:747) ~[spring-web-7.0.9.jar:7.0.9]
	at org.springframework.web.client.DefaultRestClient$DefaultResponseSpec.executeAndExtract(DefaultRestClient.java:924) ~[spring-web-7.0.9.jar:7.0.9]
	at org.springframework.web.client.DefaultRestClient$DefaultResponseSpec.toBodilessEntity(DefaultRestClient.java:888) ~[spring-web-7.0.9.jar:7.0.9]
	at org.springframework.cloud.netflix.eureka.http.RestClientEurekaHttpClient.cancel(RestClientEurekaHttpClient.java:73) ~[spring-cloud-netflix-eureka-client-5.0.2.jar:5.0.2]
	at com.netflix.discovery.shared.transport.decorator.EurekaHttpClientDecorator$2.execute(EurekaHttpClientDecorator.java:74) ~[eureka-client-2.0.6.jar:2.0.6]
	at com.netflix.discovery.shared.transport.decorator.RedirectingEurekaHttpClient.executeOnNewServer(RedirectingEurekaHttpClient.java:120) ~[eureka-client-2.0.6.jar:2.0.6]
	at com.netflix.discovery.shared.transport.decorator.RedirectingEurekaHttpClient.execute(RedirectingEurekaHttpClient.java:79) ~[eureka-client-2.0.6.jar:2.0.6]
	at com.netflix.discovery.shared.transport.decorator.EurekaHttpClientDecorator.cancel(EurekaHttpClientDecorator.java:71) ~[eureka-client-2.0.6.jar:2.0.6]
	at com.netflix.discovery.shared.transport.decorator.EurekaHttpClientDecorator$2.execute(EurekaHttpClientDecorator.java:74) ~[eureka-client-2.0.6.jar:2.0.6]
	at com.netflix.discovery.shared.transport.decorator.RetryableEurekaHttpClient.execute(RetryableEurekaHttpClient.java:120) ~[eureka-client-2.0.6.jar:2.0.6]
	at com.netflix.discovery.shared.transport.decorator.EurekaHttpClientDecorator.cancel(EurekaHttpClientDecorator.java:71) ~[eureka-client-2.0.6.jar:2.0.6]
	at com.netflix.discovery.shared.transport.decorator.EurekaHttpClientDecorator$2.execute(EurekaHttpClientDecorator.java:74) ~[eureka-client-2.0.6.jar:2.0.6]
	at com.netflix.discovery.shared.transport.decorator.SessionedEurekaHttpClient.execute(SessionedEurekaHttpClient.java:76) ~[eureka-client-2.0.6.jar:2.0.6]
	at com.netflix.discovery.shared.transport.decorator.EurekaHttpClientDecorator.cancel(EurekaHttpClientDecorator.java:71) ~[eureka-client-2.0.6.jar:2.0.6]
	at com.netflix.discovery.DiscoveryClient.unregister(DiscoveryClient.java:934) ~[eureka-client-2.0.6.jar:2.0.6]
	at com.netflix.discovery.DiscoveryClient.shutdown(DiscoveryClient.java:915) ~[eureka-client-2.0.6.jar:2.0.6]
	at java.base/jdk.internal.reflect.DirectMethodHandleAccessor.invoke(DirectMethodHandleAccessor.java:103) ~[na:na]
	at java.base/java.lang.reflect.Method.invoke(Method.java:580) ~[na:na]
	at org.springframework.beans.factory.annotation.InitDestroyAnnotationBeanPostProcessor$LifecycleMethod.invoke(InitDestroyAnnotationBeanPostProcessor.java:453) ~[spring-beans-7.0.9.jar:7.0.9]
	at org.springframework.beans.factory.annotation.InitDestroyAnnotationBeanPostProcessor$LifecycleMetadata.invokeDestroyMethods(InitDestroyAnnotationBeanPostProcessor.java:411) ~[spring-beans-7.0.9.jar:7.0.9]
	at org.springframework.beans.factory.annotation.InitDestroyAnnotationBeanPostProcessor.postProcessBeforeDestruction(InitDestroyAnnotationBeanPostProcessor.java:237) ~[spring-beans-7.0.9.jar:7.0.9]
	at org.springframework.beans.factory.support.DisposableBeanAdapter.destroy(DisposableBeanAdapter.java:200) ~[spring-beans-7.0.9.jar:7.0.9]
	at org.springframework.beans.factory.support.DisposableBeanAdapter.run(DisposableBeanAdapter.java:193) ~[spring-beans-7.0.9.jar:7.0.9]
	at org.springframework.cloud.context.scope.GenericScope$BeanLifecycleWrapper.destroy(GenericScope.java:387) ~[spring-cloud-context-5.0.3.jar:5.0.3]
	at org.springframework.cloud.context.scope.GenericScope.destroy(GenericScope.java:134) ~[spring-cloud-context-5.0.3.jar:5.0.3]
	at org.springframework.beans.factory.support.DisposableBeanAdapter.destroy(DisposableBeanAdapter.java:209) ~[spring-beans-7.0.9.jar:7.0.9]
	at org.springframework.beans.factory.support.DefaultSingletonBeanRegistry.destroyBean(DefaultSingletonBeanRegistry.java:795) ~[spring-beans-7.0.9.jar:7.0.9]
	at org.springframework.beans.factory.support.DefaultSingletonBeanRegistry.destroySingleton(DefaultSingletonBeanRegistry.java:745) ~[spring-beans-7.0.9.jar:7.0.9]
	at org.springframework.beans.factory.support.DefaultListableBeanFactory.destroySingleton(DefaultListableBeanFactory.java:1507) ~[spring-beans-7.0.9.jar:7.0.9]
	at org.springframework.beans.factory.support.DefaultSingletonBeanRegistry.destroySingletons(DefaultSingletonBeanRegistry.java:704) ~[spring-beans-7.0.9.jar:7.0.9]
	at org.springframework.beans.factory.support.DefaultListableBeanFactory.destroySingletons(DefaultListableBeanFactory.java:1500) ~[spring-beans-7.0.9.jar:7.0.9]
	at org.springframework.context.support.AbstractApplicationContext.destroyBeans(AbstractApplicationContext.java:1246) ~[spring-context-7.0.9.jar:7.0.9]
	at org.springframework.context.support.AbstractApplicationContext.doClose(AbstractApplicationContext.java:1207) ~[spring-context-7.0.9.jar:7.0.9]
	at org.springframework.boot.web.server.servlet.context.ServletWebServerApplicationContext.doClose(ServletWebServerApplicationContext.java:176) ~[spring-boot-web-server-4.1.1.jar:4.1.1]
	at org.springframework.context.support.AbstractApplicationContext.close(AbstractApplicationContext.java:1153) ~[spring-context-7.0.9.jar:7.0.9]
	at org.springframework.boot.SpringApplicationShutdownHook.closeAndWait(SpringApplicationShutdownHook.java:147) ~[spring-boot-4.1.1.jar:4.1.1]
	at java.base/java.lang.Iterable.forEach(Iterable.java:75) ~[na:na]
	at org.springframework.boot.SpringApplicationShutdownHook.run(SpringApplicationShutdownHook.java:116) ~[spring-boot-4.1.1.jar:4.1.1]
	at java.base/java.lang.Thread.run(Thread.java:1570) ~[na:na]
Caused by: org.apache.hc.client5.http.HttpHostConnectException: Connect to http://localhost:8761 failed: Connection refused: getsockopt
	at java.base/sun.nio.ch.Net.pollConnect(Native Method) ~[na:na]
	at java.base/sun.nio.ch.Net.pollConnectNow(Net.java:682) ~[na:na]
	at java.base/sun.nio.ch.NioSocketImpl.timedFinishConnect(NioSocketImpl.java:542) ~[na:na]
	at java.base/sun.nio.ch.NioSocketImpl.connect(NioSocketImpl.java:592) ~[na:na]
	at java.base/java.net.SocksSocketImpl.connect(SocksSocketImpl.java:327) ~[na:na]
	at java.base/java.net.Socket.connect(Socket.java:752) ~[na:na]
	at org.apache.hc.client5.http.impl.io.DefaultHttpClientConnectionOperator.connect(DefaultHttpClientConnectionOperator.java:219) ~[httpclient5-5.6.4.jar:5.6.4]
	at org.apache.hc.client5.http.impl.io.PoolingHttpClientConnectionManager.connect(PoolingHttpClientConnectionManager.java:547) ~[httpclient5-5.6.4.jar:5.6.4]
	at org.apache.hc.client5.http.impl.classic.InternalExecRuntime.connectEndpoint(InternalExecRuntime.java:164) ~[httpclient5-5.6.4.jar:5.6.4]
	at org.apache.hc.client5.http.impl.classic.InternalExecRuntime.connectEndpoint(InternalExecRuntime.java:174) ~[httpclient5-5.6.4.jar:5.6.4]
	at org.apache.hc.client5.http.impl.classic.ConnectExec.execute(ConnectExec.java:144) ~[httpclient5-5.6.4.jar:5.6.4]
	at org.apache.hc.client5.http.impl.classic.ExecChainElement.execute(ExecChainElement.java:51) ~[httpclient5-5.6.4.jar:5.6.4]
	at org.apache.hc.client5.http.impl.classic.ProtocolExec.execute(ProtocolExec.java:192) ~[httpclient5-5.6.4.jar:5.6.4]
	at org.apache.hc.client5.http.impl.classic.ExecChainElement.execute(ExecChainElement.java:51) ~[httpclient5-5.6.4.jar:5.6.4]
	at org.apache.hc.client5.http.impl.classic.ContentCompressionExec.execute(ContentCompressionExec.java:138) ~[httpclient5-5.6.4.jar:5.6.4]
	at org.apache.hc.client5.http.impl.classic.ExecChainElement.execute(ExecChainElement.java:51) ~[httpclient5-5.6.4.jar:5.6.4]
	at org.apache.hc.client5.http.impl.classic.HttpRequestRetryExec.execute(HttpRequestRetryExec.java:112) ~[httpclient5-5.6.4.jar:5.6.4]
	at org.apache.hc.client5.http.impl.classic.ExecChainElement.execute(ExecChainElement.java:51) ~[httpclient5-5.6.4.jar:5.6.4]
	at org.apache.hc.client5.http.impl.classic.RedirectExec.execute(RedirectExec.java:110) ~[httpclient5-5.6.4.jar:5.6.4]
	at org.apache.hc.client5.http.impl.classic.ExecChainElement.execute(ExecChainElement.java:51) ~[httpclient5-5.6.4.jar:5.6.4]
	at org.apache.hc.client5.http.impl.classic.InternalHttpClient.doExecute(InternalHttpClient.java:186) ~[httpclient5-5.6.4.jar:5.6.4]
	at org.apache.hc.client5.http.impl.classic.CloseableHttpClient.execute(CloseableHttpClient.java:87) ~[httpclient5-5.6.4.jar:5.6.4]
	at org.apache.hc.client5.http.impl.classic.CloseableHttpClient.execute(CloseableHttpClient.java:55) ~[httpclient5-5.6.4.jar:5.6.4]
	at org.apache.hc.client5.http.classic.HttpClient.executeOpen(HttpClient.java:183) ~[httpclient5-5.6.4.jar:5.6.4]
	at org.springframework.http.client.HttpComponentsClientHttpRequest.executeInternal(HttpComponentsClientHttpRequest.java:99) ~[spring-web-7.0.9.jar:7.0.9]
	at org.springframework.http.client.AbstractStreamingClientHttpRequest.executeInternal(AbstractStreamingClientHttpRequest.java:87) ~[spring-web-7.0.9.jar:7.0.9]
	at org.springframework.http.client.AbstractClientHttpRequest.execute(AbstractClientHttpRequest.java:80) ~[spring-web-7.0.9.jar:7.0.9]
	at org.springframework.http.client.AbstractBufferingClientHttpRequest.executeWithRequestAndBody(AbstractBufferingClientHttpRequest.java:89) ~[spring-web-7.0.9.jar:7.0.9]
	at org.springframework.http.client.InterceptingClientHttpRequest$EndOfChainRequestExecution.execute(InterceptingClientHttpRequest.java:102) ~[spring-web-7.0.9.jar:7.0.9]
	at org.springframework.cloud.netflix.eureka.http.RestClientTransportClientFactory.lambda$newClient$2(RestClientTransportClientFactory.java:98) ~[spring-cloud-netflix-eureka-client-5.0.2.jar:5.0.2]
	at org.springframework.http.client.ClientHttpRequestInterceptor.lambda$andThen$1(ClientHttpRequestInterceptor.java:75) ~[spring-web-7.0.9.jar:7.0.9]
	at org.springframework.http.client.support.BasicAuthenticationInterceptor.intercept(BasicAuthenticationInterceptor.java:80) ~[spring-web-7.0.9.jar:7.0.9]
	at org.springframework.http.client.ClientHttpRequestInterceptor.lambda$andThen$0(ClientHttpRequestInterceptor.java:76) ~[spring-web-7.0.9.jar:7.0.9]
	at org.springframework.http.client.ClientHttpRequestInterceptor.lambda$apply$0(ClientHttpRequestInterceptor.java:89) ~[spring-web-7.0.9.jar:7.0.9]
	at org.springframework.http.client.InterceptingClientHttpRequest.executeInternal(InterceptingClientHttpRequest.java:73) ~[spring-web-7.0.9.jar:7.0.9]
	at org.springframework.http.client.AbstractBufferingClientHttpRequest.executeInternal(AbstractBufferingClientHttpRequest.java:50) ~[spring-web-7.0.9.jar:7.0.9]
	at org.springframework.http.client.AbstractClientHttpRequest.execute(AbstractClientHttpRequest.java:80) ~[spring-web-7.0.9.jar:7.0.9]
	at org.springframework.web.client.DefaultRestClient$DefaultRequestBodyUriSpec.exchangeInternal(DefaultRestClient.java:614) ~[spring-web-7.0.9.jar:7.0.9]
	... 40 common frames omitted

2026-09-14T03:17:24.677+05:30  WARN 28436 --- [reservation-service] [SpringApplicationShutdownHook] c.n.d.s.t.d.RetryableEurekaHttpClient    : Request execution failed with message: I/O error on DELETE request for "http://localhost:8761/eureka/apps/RESERVATION-SERVICE/AKHIL:reservation-service:8085": Connect to http://localhost:8761 failed: Connection refused: getsockopt
2026-09-14T03:17:24.677+05:30 ERROR 28436 --- [reservation-service] [SpringApplicationShutdownHook] com.netflix.discovery.DiscoveryClient    : DiscoveryClient_RESERVATION-SERVICE/AKHIL:reservation-service:8085 - de-registration failedCannot execute request on any known server

com.netflix.discovery.shared.transport.TransportException: Cannot execute request on any known server
	at com.netflix.discovery.shared.transport.decorator.RetryableEurekaHttpClient.execute(RetryableEurekaHttpClient.java:112) ~[eureka-client-2.0.6.jar:2.0.6]
	at com.netflix.discovery.shared.transport.decorator.EurekaHttpClientDecorator.cancel(EurekaHttpClientDecorator.java:71) ~[eureka-client-2.0.6.jar:2.0.6]
	at com.netflix.discovery.shared.transport.decorator.EurekaHttpClientDecorator$2.execute(EurekaHttpClientDecorator.java:74) ~[eureka-client-2.0.6.jar:2.0.6]
	at com.netflix.discovery.shared.transport.decorator.SessionedEurekaHttpClient.execute(SessionedEurekaHttpClient.java:76) ~[eureka-client-2.0.6.jar:2.0.6]
	at com.netflix.discovery.shared.transport.decorator.EurekaHttpClientDecorator.cancel(EurekaHttpClientDecorator.java:71) ~[eureka-client-2.0.6.jar:2.0.6]
	at com.netflix.discovery.DiscoveryClient.unregister(DiscoveryClient.java:934) ~[eureka-client-2.0.6.jar:2.0.6]
	at com.netflix.discovery.DiscoveryClient.shutdown(DiscoveryClient.java:915) ~[eureka-client-2.0.6.jar:2.0.6]
	at java.base/jdk.internal.reflect.DirectMethodHandleAccessor.invoke(DirectMethodHandleAccessor.java:103) ~[na:na]
	at java.base/java.lang.reflect.Method.invoke(Method.java:580) ~[na:na]
	at org.springframework.beans.factory.annotation.InitDestroyAnnotationBeanPostProcessor$LifecycleMethod.invoke(InitDestroyAnnotationBeanPostProcessor.java:453) ~[spring-beans-7.0.9.jar:7.0.9]
	at org.springframework.beans.factory.annotation.InitDestroyAnnotationBeanPostProcessor$LifecycleMetadata.invokeDestroyMethods(InitDestroyAnnotationBeanPostProcessor.java:411) ~[spring-beans-7.0.9.jar:7.0.9]
	at org.springframework.beans.factory.annotation.InitDestroyAnnotationBeanPostProcessor.postProcessBeforeDestruction(InitDestroyAnnotationBeanPostProcessor.java:237) ~[spring-beans-7.0.9.jar:7.0.9]
	at org.springframework.beans.factory.support.DisposableBeanAdapter.destroy(DisposableBeanAdapter.java:200) ~[spring-beans-7.0.9.jar:7.0.9]
	at org.springframework.beans.factory.support.DisposableBeanAdapter.run(DisposableBeanAdapter.java:193) ~[spring-beans-7.0.9.jar:7.0.9]
	at org.springframework.cloud.context.scope.GenericScope$BeanLifecycleWrapper.destroy(GenericScope.java:387) ~[spring-cloud-context-5.0.3.jar:5.0.3]
	at org.springframework.cloud.context.scope.GenericScope.destroy(GenericScope.java:134) ~[spring-cloud-context-5.0.3.jar:5.0.3]
	at org.springframework.beans.factory.support.DisposableBeanAdapter.destroy(DisposableBeanAdapter.java:209) ~[spring-beans-7.0.9.jar:7.0.9]
	at org.springframework.beans.factory.support.DefaultSingletonBeanRegistry.destroyBean(DefaultSingletonBeanRegistry.java:795) ~[spring-beans-7.0.9.jar:7.0.9]
	at org.springframework.beans.factory.support.DefaultSingletonBeanRegistry.destroySingleton(DefaultSingletonBeanRegistry.java:745) ~[spring-beans-7.0.9.jar:7.0.9]
	at org.springframework.beans.factory.support.DefaultListableBeanFactory.destroySingleton(DefaultListableBeanFactory.java:1507) ~[spring-beans-7.0.9.jar:7.0.9]
	at org.springframework.beans.factory.support.DefaultSingletonBeanRegistry.destroySingletons(DefaultSingletonBeanRegistry.java:704) ~[spring-beans-7.0.9.jar:7.0.9]
	at org.springframework.beans.factory.support.DefaultListableBeanFactory.destroySingletons(DefaultListableBeanFactory.java:1500) ~[spring-beans-7.0.9.jar:7.0.9]
	at org.springframework.context.support.AbstractApplicationContext.destroyBeans(AbstractApplicationContext.java:1246) ~[spring-context-7.0.9.jar:7.0.9]
	at org.springframework.context.support.AbstractApplicationContext.doClose(AbstractApplicationContext.java:1207) ~[spring-context-7.0.9.jar:7.0.9]
	at org.springframework.boot.web.server.servlet.context.ServletWebServerApplicationContext.doClose(ServletWebServerApplicationContext.java:176) ~[spring-boot-web-server-4.1.1.jar:4.1.1]
	at org.springframework.context.support.AbstractApplicationContext.close(AbstractApplicationContext.java:1153) ~[spring-context-7.0.9.jar:7.0.9]
	at org.springframework.boot.SpringApplicationShutdownHook.closeAndWait(SpringApplicationShutdownHook.java:147) ~[spring-boot-4.1.1.jar:4.1.1]
	at java.base/java.lang.Iterable.forEach(Iterable.java:75) ~[na:na]
	at org.springframework.boot.SpringApplicationShutdownHook.run(SpringApplicationShutdownHook.java:116) ~[spring-boot-4.1.1.jar:4.1.1]
	at java.base/java.lang.Thread.run(Thread.java:1570) ~[na:na]

2026-09-14T03:17:24.678+05:30  INFO 28436 --- [reservation-service] [SpringApplicationShutdownHook] com.netflix.discovery.DiscoveryClient    : Completed shut down of DiscoveryClient
2026-09-14T13:55:57.097+05:30  INFO 27636 --- [reservation-service] [main] c.r.r.ReservationServiceApplication      : Starting ReservationServiceApplication using Java 22.0.2 with PID 27636 (C:\Users\sprak\Desktop\railway-reservation-system\reservation-service\target\classes started by sprak in C:\Users\sprak\Desktop\railway-reservation-system\reservation-service)
2026-09-14T13:55:57.100+05:30 DEBUG 27636 --- [reservation-service] [main] c.r.r.ReservationServiceApplication      : Running with Spring Boot v4.1.1, Spring v7.0.9
2026-09-14T13:55:57.100+05:30  INFO 27636 --- [reservation-service] [main] c.r.r.ReservationServiceApplication      : No active profile set, falling back to 1 default profile: "default"
2026-09-14T13:55:57.141+05:30  INFO 27636 --- [reservation-service] [main] o.s.c.c.c.ConfigServerConfigDataLoader   : Fetching config from server at : http://localhost:8888
2026-09-14T13:55:57.142+05:30  INFO 27636 --- [reservation-service] [main] o.s.c.c.c.ConfigServerConfigDataLoader   : Located environment: name=reservation-service, profiles=[default], label=null, version=null, state=null
2026-09-14T13:55:58.445+05:30  INFO 27636 --- [reservation-service] [main] .s.d.r.c.RepositoryConfigurationDelegate : Bootstrapping Spring Data JPA repositories in DEFAULT mode.
2026-09-14T13:55:58.591+05:30  INFO 27636 --- [reservation-service] [main] .s.d.r.c.RepositoryConfigurationDelegate : Finished Spring Data repository scanning in 130 ms. Found 1 JPA repository interface.
2026-09-14T13:55:59.029+05:30  INFO 27636 --- [reservation-service] [main] o.s.cloud.context.scope.GenericScope     : BeanFactory id=da79389a-2c4a-3fcf-9d55-6dbce424f54d
2026-09-14T13:55:59.832+05:30  INFO 27636 --- [reservation-service] [main] o.s.boot.tomcat.TomcatWebServer          : Tomcat initialized with port 8085 (http)
2026-09-14T13:55:59.845+05:30  INFO 27636 --- [reservation-service] [main] o.apache.catalina.core.StandardService   : Starting service [Tomcat]
2026-09-14T13:55:59.845+05:30  INFO 27636 --- [reservation-service] [main] o.apache.catalina.core.StandardEngine    : Starting Servlet engine: [Apache Tomcat/11.0.24]
2026-09-14T13:55:59.936+05:30  INFO 27636 --- [reservation-service] [main] b.w.c.s.WebApplicationContextInitializer : Root WebApplicationContext: initialization completed in 2791 ms
2026-09-14T13:56:00.284+05:30 DEBUG 27636 --- [reservation-service] [main] c.r.r.config.JwtAuthFilter               : Filter 'jwtAuthFilter' configured for use
2026-09-14T13:56:00.513+05:30  INFO 27636 --- [reservation-service] [main] org.hibernate.orm.jpa                    : HHH008540: Processing PersistenceUnitInfo [name: default]
2026-09-14T13:56:00.609+05:30  INFO 27636 --- [reservation-service] [main] org.hibernate.orm.core                   : HHH000001: Hibernate ORM core version 7.4.5.Final
2026-09-14T13:56:01.253+05:30  INFO 27636 --- [reservation-service] [main] o.s.o.j.p.SpringPersistenceUnitInfo      : No LoadTimeWeaver setup: ignoring JPA class transformer
2026-09-14T13:56:01.301+05:30  INFO 27636 --- [reservation-service] [main] com.zaxxer.hikari.HikariDataSource       : HikariPool-1 - Starting...
2026-09-14T13:56:01.678+05:30  INFO 27636 --- [reservation-service] [main] com.zaxxer.hikari.pool.HikariPool        : HikariPool-1 - Added connection com.mysql.cj.jdbc.ConnectionImpl@7f027735
2026-09-14T13:56:01.680+05:30  INFO 27636 --- [reservation-service] [main] com.zaxxer.hikari.HikariDataSource       : HikariPool-1 - Start completed.
2026-09-14T13:56:01.811+05:30  INFO 27636 --- [reservation-service] [main] org.hibernate.orm.connections.pooling    : HHH10001005: Database info:
	Database JDBC URL [jdbc:mysql://localhost:3306/railway_reservation_db?updateTimeZone=true]
	Database driver: MySQL Connector/J
	Database dialect: MySQLDialect
	Database version: 8.0.43
	Default catalog/schema: railway_reservation_db/undefined
	Autocommit mode: undefined/unknown
	Isolation level: REPEATABLE_READ [default REPEATABLE_READ]
	JDBC fetch size: none
	Pool: DataSourceConnectionProvider
	Minimum pool size: undefined/unknown
	Maximum pool size: undefined/unknown
2026-09-14T13:56:03.229+05:30  INFO 27636 --- [reservation-service] [main] org.hibernate.orm.core                   : HHH000489: No JTA platform available (set 'hibernate.transaction.jta.platform' to enable JTA platform integration)
2026-09-14T13:56:03.428+05:30  INFO 27636 --- [reservation-service] [main] j.LocalContainerEntityManagerFactoryBean : Initialized JPA EntityManagerFactory for persistence unit 'default'
2026-09-14T13:56:03.685+05:30  INFO 27636 --- [reservation-service] [main] o.s.d.j.r.query.QueryEnhancerFactories   : Hibernate is in classpath; If applicable, HQL parser will be used.
2026-09-14T13:56:04.342+05:30  WARN 27636 --- [reservation-service] [main] JpaBaseConfiguration$JpaWebConfiguration : spring.jpa.open-in-view is enabled by default. Therefore, database queries may be performed during view rendering. Explicitly configure spring.jpa.open-in-view to disable this warning
2026-09-14T13:56:04.573+05:30  INFO 27636 --- [reservation-service] [main] o.s.c.openfeign.FeignClientFactoryBean   : For 'pnr-service' URL not provided. Will try picking an instance via load-balancing.
2026-09-14T13:56:05.526+05:30  WARN 27636 --- [reservation-service] [main] .s.a.UserDetailsServiceAutoConfiguration : 

Using generated security password: 1ada1351-35f5-4be9-a3e1-89b89ee32640

This generated password is for development use only. Your security configuration must be updated before running your application in production.

2026-09-14T13:56:05.539+05:30  INFO 27636 --- [reservation-service] [main] r$InitializeUserDetailsManagerConfigurer : Global AuthenticationManager configured with UserDetailsService bean with name inMemoryUserDetailsManager
2026-09-14T13:56:08.146+05:30  INFO 27636 --- [reservation-service] [main] DiscoveryClientOptionalArgsConfiguration : Eureka HTTP Client uses RestClient.
2026-09-14T13:56:08.233+05:30  WARN 27636 --- [reservation-service] [main] iguration$LoadBalancerCaffeineWarnLogger : Spring Cloud LoadBalancer is currently working with the default cache. While this cache implementation is useful for development and tests, it's recommended to use Caffeine cache in production.You can switch to using Caffeine cache, by adding it and org.springframework.cache.caffeine.CaffeineCacheManager to the classpath.
2026-09-14T13:56:08.307+05:30  INFO 27636 --- [reservation-service] [main] o.s.b.a.e.web.EndpointLinksResolver      : Exposing 1 endpoint beneath base path '/actuator'
2026-09-14T13:56:08.457+05:30  INFO 27636 --- [reservation-service] [main] o.s.c.n.eureka.InstanceInfoFactory       : Setting initial instance status as: STARTING
2026-09-14T13:56:08.490+05:30  INFO 27636 --- [reservation-service] [main] com.netflix.discovery.DiscoveryClient    : Initializing Eureka in region us-east-1
2026-09-14T13:56:08.495+05:30  INFO 27636 --- [reservation-service] [main] c.n.d.s.r.aws.ConfigClusterResolver      : Resolving eureka endpoints via configuration
2026-09-14T13:56:08.506+05:30  INFO 27636 --- [reservation-service] [main] com.netflix.discovery.DiscoveryClient    : Disable delta property : false
2026-09-14T13:56:08.506+05:30  INFO 27636 --- [reservation-service] [main] com.netflix.discovery.DiscoveryClient    : Single vip registry refresh property : null
2026-09-14T13:56:08.507+05:30  INFO 27636 --- [reservation-service] [main] com.netflix.discovery.DiscoveryClient    : Force full registry fetch : false
2026-09-14T13:56:08.507+05:30  INFO 27636 --- [reservation-service] [main] com.netflix.discovery.DiscoveryClient    : Application is null : false
2026-09-14T13:56:08.507+05:30  INFO 27636 --- [reservation-service] [main] com.netflix.discovery.DiscoveryClient    : Registered Applications size is zero : true
2026-09-14T13:56:08.507+05:30  INFO 27636 --- [reservation-service] [main] com.netflix.discovery.DiscoveryClient    : Application version is -1: true
2026-09-14T13:56:08.507+05:30  INFO 27636 --- [reservation-service] [main] com.netflix.discovery.DiscoveryClient    : Getting all instance registry info from the eureka server
2026-09-14T13:56:08.706+05:30  INFO 27636 --- [reservation-service] [main] c.n.d.s.t.d.RedirectingEurekaHttpClient  : Request execution error. endpoint=DefaultEndpoint{ serviceUrl='http://eureka_admin:eureka_password_123@localhost:8761/eureka/}, exception=I/O error on GET request for "http://localhost:8761/eureka/apps/": Connect to http://localhost:8761 failed: Connection refused: getsockopt

org.springframework.web.client.ResourceAccessException: I/O error on GET request for "http://localhost:8761/eureka/apps/": Connect to http://localhost:8761 failed: Connection refused: getsockopt
	at org.springframework.web.client.DefaultRestClient$DefaultRequestBodyUriSpec.createResourceAccessException(DefaultRestClient.java:779) ~[spring-web-7.0.9.jar:7.0.9]
	at org.springframework.web.client.DefaultRestClient$DefaultRequestBodyUriSpec.exchangeInternal(DefaultRestClient.java:624) ~[spring-web-7.0.9.jar:7.0.9]
	at org.springframework.web.client.DefaultRestClient$DefaultRequestBodyUriSpec.exchange(DefaultRestClient.java:572) ~[spring-web-7.0.9.jar:7.0.9]
	at org.springframework.web.client.RestClient$RequestHeadersSpec.exchange(RestClient.java:747) ~[spring-web-7.0.9.jar:7.0.9]
	at org.springframework.web.client.DefaultRestClient$DefaultResponseSpec.executeAndExtract(DefaultRestClient.java:924) ~[spring-web-7.0.9.jar:7.0.9]
	at org.springframework.web.client.DefaultRestClient$DefaultResponseSpec.toEntityInternal(DefaultRestClient.java:870) ~[spring-web-7.0.9.jar:7.0.9]
	at org.springframework.web.client.DefaultRestClient$DefaultResponseSpec.toEntity(DefaultRestClient.java:859) ~[spring-web-7.0.9.jar:7.0.9]
	at org.springframework.cloud.netflix.eureka.http.RestClientEurekaHttpClient.getApplicationsInternal(RestClientEurekaHttpClient.java:201) ~[spring-cloud-netflix-eureka-client-5.0.2.jar:5.0.2]
	at org.springframework.cloud.netflix.eureka.http.RestClientEurekaHttpClient.getApplications(RestClientEurekaHttpClient.java:137) ~[spring-cloud-netflix-eureka-client-5.0.2.jar:5.0.2]
	at com.netflix.discovery.shared.transport.decorator.EurekaHttpClientDecorator$6.execute(EurekaHttpClientDecorator.java:137) ~[eureka-client-2.0.6.jar:2.0.6]
	at com.netflix.discovery.shared.transport.decorator.RedirectingEurekaHttpClient.executeOnNewServer(RedirectingEurekaHttpClient.java:120) ~[eureka-client-2.0.6.jar:2.0.6]
	at com.netflix.discovery.shared.transport.decorator.RedirectingEurekaHttpClient.execute(RedirectingEurekaHttpClient.java:79) ~[eureka-client-2.0.6.jar:2.0.6]
	at com.netflix.discovery.shared.transport.decorator.EurekaHttpClientDecorator.getApplications(EurekaHttpClientDecorator.java:134) ~[eureka-client-2.0.6.jar:2.0.6]
	at com.netflix.discovery.shared.transport.decorator.EurekaHttpClientDecorator$6.execute(EurekaHttpClientDecorator.java:137) ~[eureka-client-2.0.6.jar:2.0.6]
	at com.netflix.discovery.shared.transport.decorator.RetryableEurekaHttpClient.execute(RetryableEurekaHttpClient.java:120) ~[eureka-client-2.0.6.jar:2.0.6]
	at com.netflix.discovery.shared.transport.decorator.EurekaHttpClientDecorator.getApplications(EurekaHttpClientDecorator.java:134) ~[eureka-client-2.0.6.jar:2.0.6]
	at com.netflix.discovery.shared.transport.decorator.EurekaHttpClientDecorator$6.execute(EurekaHttpClientDecorator.java:137) ~[eureka-client-2.0.6.jar:2.0.6]
	at com.netflix.discovery.shared.transport.decorator.SessionedEurekaHttpClient.execute(SessionedEurekaHttpClient.java:76) ~[eureka-client-2.0.6.jar:2.0.6]
	at com.netflix.discovery.shared.transport.decorator.EurekaHttpClientDecorator.getApplications(EurekaHttpClientDecorator.java:134) ~[eureka-client-2.0.6.jar:2.0.6]
	at com.netflix.discovery.DiscoveryClient.getAndStoreFullRegistry(DiscoveryClient.java:1061) ~[eureka-client-2.0.6.jar:2.0.6]
	at com.netflix.discovery.DiscoveryClient.fetchRegistry(DiscoveryClient.java:976) ~[eureka-client-2.0.6.jar:2.0.6]
	at com.netflix.discovery.DiscoveryClient.<init>(DiscoveryClient.java:419) ~[eureka-client-2.0.6.jar:2.0.6]
	at com.netflix.discovery.DiscoveryClient.<init>(DiscoveryClient.java:254) ~[eureka-client-2.0.6.jar:2.0.6]
	at com.netflix.discovery.DiscoveryClient.<init>(DiscoveryClient.java:249) ~[eureka-client-2.0.6.jar:2.0.6]
	at org.springframework.cloud.netflix.eureka.CloudEurekaClient.<init>(CloudEurekaClient.java:68) ~[spring-cloud-netflix-eureka-client-5.0.2.jar:5.0.2]
	at org.springframework.cloud.netflix.eureka.EurekaClientAutoConfiguration$RefreshableEurekaClientConfiguration.eurekaClient(EurekaClientAutoConfiguration.java:324) ~[spring-cloud-netflix-eureka-client-5.0.2.jar:5.0.2]
	at java.base/jdk.internal.reflect.DirectMethodHandleAccessor.invoke(DirectMethodHandleAccessor.java:103) ~[na:na]
	at java.base/java.lang.reflect.Method.invoke(Method.java:580) ~[na:na]
	at org.springframework.beans.factory.support.SimpleInstantiationStrategy.lambda$instantiate$0(SimpleInstantiationStrategy.java:155) ~[spring-beans-7.0.9.jar:7.0.9]
	at org.springframework.beans.factory.support.SimpleInstantiationStrategy.instantiateWithFactoryMethod(SimpleInstantiationStrategy.java:72) ~[spring-beans-7.0.9.jar:7.0.9]
	at org.springframework.beans.factory.support.SimpleInstantiationStrategy.instantiate(SimpleInstantiationStrategy.java:152) ~[spring-beans-7.0.9.jar:7.0.9]
	at org.springframework.beans.factory.support.ConstructorResolver.instantiate(ConstructorResolver.java:653) ~[spring-beans-7.0.9.jar:7.0.9]
	at org.springframework.beans.factory.support.ConstructorResolver.instantiateUsingFactoryMethod(ConstructorResolver.java:645) ~[spring-beans-7.0.9.jar:7.0.9]
	at org.springframework.beans.factory.support.AbstractAutowireCapableBeanFactory.instantiateUsingFactoryMethod(AbstractAutowireCapableBeanFactory.java:1360) ~[spring-beans-7.0.9.jar:7.0.9]
	at org.springframework.beans.factory.support.AbstractAutowireCapableBeanFactory.createBeanInstance(AbstractAutowireCapableBeanFactory.java:1192) ~[spring-beans-7.0.9.jar:7.0.9]
	at org.springframework.beans.factory.support.AbstractAutowireCapableBeanFactory.doCreateBean(AbstractAutowireCapableBeanFactory.java:565) ~[spring-beans-7.0.9.jar:7.0.9]
	at org.springframework.beans.factory.support.AbstractAutowireCapableBeanFactory.createBean(AbstractAutowireCapableBeanFactory.java:525) ~[spring-beans-7.0.9.jar:7.0.9]
	at org.springframework.beans.factory.support.AbstractBeanFactory.lambda$doGetBean$1(AbstractBeanFactory.java:372) ~[spring-beans-7.0.9.jar:7.0.9]
	at org.springframework.cloud.context.scope.GenericScope$BeanLifecycleWrapper.getBean(GenericScope.java:373) ~[spring-cloud-context-5.0.3.jar:5.0.3]
	at org.springframework.cloud.context.scope.GenericScope.get(GenericScope.java:177) ~[spring-cloud-context-5.0.3.jar:5.0.3]
	at org.springframework.beans.factory.support.AbstractBeanFactory.doGetBean(AbstractBeanFactory.java:369) ~[spring-beans-7.0.9.jar:7.0.9]
	at org.springframework.beans.factory.support.AbstractBeanFactory.getBean(AbstractBeanFactory.java:196) ~[spring-beans-7.0.9.jar:7.0.9]
	at org.springframework.aop.target.SimpleBeanTargetSource.getTarget(SimpleBeanTargetSource.java:35) ~[spring-aop-7.0.9.jar:7.0.9]
	at org.springframework.cloud.netflix.eureka.serviceregistry.EurekaRegistration.getTargetObject(EurekaRegistration.java:128) ~[spring-cloud-netflix-eureka-client-5.0.2.jar:5.0.2]
	at org.springframework.cloud.netflix.eureka.serviceregistry.EurekaRegistration.getEurekaClient(EurekaRegistration.java:116) ~[spring-cloud-netflix-eureka-client-5.0.2.jar:5.0.2]
	at java.base/jdk.internal.reflect.DirectMethodHandleAccessor.invoke(DirectMethodHandleAccessor.java:103) ~[na:na]
	at java.base/java.lang.reflect.Method.invoke(Method.java:580) ~[na:na]
	at org.springframework.util.ReflectionUtils.invokeMethod(ReflectionUtils.java:281) ~[spring-core-7.0.9.jar:7.0.9]
	at org.springframework.cloud.context.scope.GenericScope$LockedScopedProxyFactoryBean.invoke(GenericScope.java:480) ~[spring-cloud-context-5.0.3.jar:5.0.3]
	at org.springframework.aop.framework.ReflectiveMethodInvocation.proceed(ReflectiveMethodInvocation.java:179) ~[spring-aop-7.0.9.jar:7.0.9]
	at org.springframework.aop.framework.CglibAopProxy$DynamicAdvisedInterceptor.intercept(CglibAopProxy.java:719) ~[spring-aop-7.0.9.jar:7.0.9]
	at org.springframework.cloud.netflix.eureka.serviceregistry.EurekaRegistration$$SpringCGLIB$$0.getEurekaClient(<generated>) ~[spring-cloud-netflix-eureka-client-5.0.2.jar:5.0.2]
	at org.springframework.cloud.netflix.eureka.serviceregistry.EurekaServiceRegistry.maybeInitializeClient(EurekaServiceRegistry.java:83) ~[spring-cloud-netflix-eureka-client-5.0.2.jar:5.0.2]
	at org.springframework.cloud.netflix.eureka.serviceregistry.EurekaServiceRegistry.register(EurekaServiceRegistry.java:66) ~[spring-cloud-netflix-eureka-client-5.0.2.jar:5.0.2]
	at org.springframework.cloud.netflix.eureka.serviceregistry.EurekaAutoServiceRegistration.start(EurekaAutoServiceRegistration.java:89) ~[spring-cloud-netflix-eureka-client-5.0.2.jar:5.0.2]
	at org.springframework.context.support.DefaultLifecycleProcessor.doStart(DefaultLifecycleProcessor.java:420) ~[spring-context-7.0.9.jar:7.0.9]
	at org.springframework.context.support.DefaultLifecycleProcessor.doStart(DefaultLifecycleProcessor.java:409) ~[spring-context-7.0.9.jar:7.0.9]
	at org.springframework.context.support.DefaultLifecycleProcessor$LifecycleGroup.start(DefaultLifecycleProcessor.java:613) ~[spring-context-7.0.9.jar:7.0.9]
	at java.base/java.lang.Iterable.forEach(Iterable.java:75) ~[na:na]
	at org.springframework.context.support.DefaultLifecycleProcessor.startBeans(DefaultLifecycleProcessor.java:379) ~[spring-context-7.0.9.jar:7.0.9]
	at org.springframework.context.support.DefaultLifecycleProcessor.onRefresh(DefaultLifecycleProcessor.java:306) ~[spring-context-7.0.9.jar:7.0.9]
	at org.springframework.context.support.AbstractApplicationContext.finishRefresh(AbstractApplicationContext.java:1013) ~[spring-context-7.0.9.jar:7.0.9]
	at org.springframework.context.support.AbstractApplicationContext.refresh(AbstractApplicationContext.java:624) ~[spring-context-7.0.9.jar:7.0.9]
	at org.springframework.boot.web.server.servlet.context.ServletWebServerApplicationContext.refresh(ServletWebServerApplicationContext.java:143) ~[spring-boot-web-server-4.1.1.jar:4.1.1]
	at org.springframework.boot.SpringApplication.refresh(SpringApplication.java:756) ~[spring-boot-4.1.1.jar:4.1.1]
	at org.springframework.boot.SpringApplication.refreshContext(SpringApplication.java:445) ~[spring-boot-4.1.1.jar:4.1.1]
	at org.springframework.boot.SpringApplication.run(SpringApplication.java:321) ~[spring-boot-4.1.1.jar:4.1.1]
	at org.springframework.boot.SpringApplication.run(SpringApplication.java:1365) ~[spring-boot-4.1.1.jar:4.1.1]
	at org.springframework.boot.SpringApplication.run(SpringApplication.java:1354) ~[spring-boot-4.1.1.jar:4.1.1]
	at com.railway.reservationservice.ReservationServiceApplication.main(ReservationServiceApplication.java:11) ~[classes/:na]
Caused by: org.apache.hc.client5.http.HttpHostConnectException: Connect to http://localhost:8761 failed: Connection refused: getsockopt
	at java.base/sun.nio.ch.Net.pollConnect(Native Method) ~[na:na]
	at java.base/sun.nio.ch.Net.pollConnectNow(Net.java:682) ~[na:na]
	at java.base/sun.nio.ch.NioSocketImpl.timedFinishConnect(NioSocketImpl.java:542) ~[na:na]
	at java.base/sun.nio.ch.NioSocketImpl.connect(NioSocketImpl.java:592) ~[na:na]
	at java.base/java.net.SocksSocketImpl.connect(SocksSocketImpl.java:327) ~[na:na]
	at java.base/java.net.Socket.connect(Socket.java:752) ~[na:na]
	at org.apache.hc.client5.http.impl.io.DefaultHttpClientConnectionOperator.connect(DefaultHttpClientConnectionOperator.java:219) ~[httpclient5-5.6.4.jar:5.6.4]
	at org.apache.hc.client5.http.impl.io.PoolingHttpClientConnectionManager.connect(PoolingHttpClientConnectionManager.java:547) ~[httpclient5-5.6.4.jar:5.6.4]
	at org.apache.hc.client5.http.impl.classic.InternalExecRuntime.connectEndpoint(InternalExecRuntime.java:164) ~[httpclient5-5.6.4.jar:5.6.4]
	at org.apache.hc.client5.http.impl.classic.InternalExecRuntime.connectEndpoint(InternalExecRuntime.java:174) ~[httpclient5-5.6.4.jar:5.6.4]
	at org.apache.hc.client5.http.impl.classic.ConnectExec.execute(ConnectExec.java:144) ~[httpclient5-5.6.4.jar:5.6.4]
	at org.apache.hc.client5.http.impl.classic.ExecChainElement.execute(ExecChainElement.java:51) ~[httpclient5-5.6.4.jar:5.6.4]
	at org.apache.hc.client5.http.impl.classic.ProtocolExec.execute(ProtocolExec.java:192) ~[httpclient5-5.6.4.jar:5.6.4]
	at org.apache.hc.client5.http.impl.classic.ExecChainElement.execute(ExecChainElement.java:51) ~[httpclient5-5.6.4.jar:5.6.4]
	at org.apache.hc.client5.http.impl.classic.ContentCompressionExec.execute(ContentCompressionExec.java:138) ~[httpclient5-5.6.4.jar:5.6.4]
	at org.apache.hc.client5.http.impl.classic.ExecChainElement.execute(ExecChainElement.java:51) ~[httpclient5-5.6.4.jar:5.6.4]
	at org.apache.hc.client5.http.impl.classic.HttpRequestRetryExec.execute(HttpRequestRetryExec.java:112) ~[httpclient5-5.6.4.jar:5.6.4]
	at org.apache.hc.client5.http.impl.classic.ExecChainElement.execute(ExecChainElement.java:51) ~[httpclient5-5.6.4.jar:5.6.4]
	at org.apache.hc.client5.http.impl.classic.RedirectExec.execute(RedirectExec.java:110) ~[httpclient5-5.6.4.jar:5.6.4]
	at org.apache.hc.client5.http.impl.classic.ExecChainElement.execute(ExecChainElement.java:51) ~[httpclient5-5.6.4.jar:5.6.4]
	at org.apache.hc.client5.http.impl.classic.InternalHttpClient.doExecute(InternalHttpClient.java:186) ~[httpclient5-5.6.4.jar:5.6.4]
	at org.apache.hc.client5.http.impl.classic.CloseableHttpClient.execute(CloseableHttpClient.java:87) ~[httpclient5-5.6.4.jar:5.6.4]
	at org.apache.hc.client5.http.impl.classic.CloseableHttpClient.execute(CloseableHttpClient.java:55) ~[httpclient5-5.6.4.jar:5.6.4]
	at org.apache.hc.client5.http.classic.HttpClient.executeOpen(HttpClient.java:183) ~[httpclient5-5.6.4.jar:5.6.4]
	at org.springframework.http.client.HttpComponentsClientHttpRequest.executeInternal(HttpComponentsClientHttpRequest.java:99) ~[spring-web-7.0.9.jar:7.0.9]
	at org.springframework.http.client.AbstractStreamingClientHttpRequest.executeInternal(AbstractStreamingClientHttpRequest.java:87) ~[spring-web-7.0.9.jar:7.0.9]
	at org.springframework.http.client.AbstractClientHttpRequest.execute(AbstractClientHttpRequest.java:80) ~[spring-web-7.0.9.jar:7.0.9]
	at org.springframework.http.client.AbstractBufferingClientHttpRequest.executeWithRequestAndBody(AbstractBufferingClientHttpRequest.java:89) ~[spring-web-7.0.9.jar:7.0.9]
	at org.springframework.http.client.InterceptingClientHttpRequest$EndOfChainRequestExecution.execute(InterceptingClientHttpRequest.java:102) ~[spring-web-7.0.9.jar:7.0.9]
	at org.springframework.cloud.netflix.eureka.http.RestClientTransportClientFactory.lambda$newClient$2(RestClientTransportClientFactory.java:98) ~[spring-cloud-netflix-eureka-client-5.0.2.jar:5.0.2]
	at org.springframework.http.client.ClientHttpRequestInterceptor.lambda$andThen$1(ClientHttpRequestInterceptor.java:75) ~[spring-web-7.0.9.jar:7.0.9]
	at org.springframework.http.client.support.BasicAuthenticationInterceptor.intercept(BasicAuthenticationInterceptor.java:80) ~[spring-web-7.0.9.jar:7.0.9]
	at org.springframework.http.client.ClientHttpRequestInterceptor.lambda$andThen$0(ClientHttpRequestInterceptor.java:76) ~[spring-web-7.0.9.jar:7.0.9]
	at org.springframework.http.client.ClientHttpRequestInterceptor.lambda$apply$0(ClientHttpRequestInterceptor.java:89) ~[spring-web-7.0.9.jar:7.0.9]
	at org.springframework.http.client.InterceptingClientHttpRequest.executeInternal(InterceptingClientHttpRequest.java:73) ~[spring-web-7.0.9.jar:7.0.9]
	at org.springframework.http.client.AbstractBufferingClientHttpRequest.executeInternal(AbstractBufferingClientHttpRequest.java:50) ~[spring-web-7.0.9.jar:7.0.9]
	at org.springframework.http.client.AbstractClientHttpRequest.execute(AbstractClientHttpRequest.java:80) ~[spring-web-7.0.9.jar:7.0.9]
	at org.springframework.web.client.DefaultRestClient$DefaultRequestBodyUriSpec.exchangeInternal(DefaultRestClient.java:614) ~[spring-web-7.0.9.jar:7.0.9]
	... 68 common frames omitted

2026-09-14T13:56:08.718+05:30  WARN 27636 --- [reservation-service] [main] c.n.d.s.t.d.RetryableEurekaHttpClient    : Request execution failed with message: I/O error on GET request for "http://localhost:8761/eureka/apps/": Connect to http://localhost:8761 failed: Connection refused: getsockopt
2026-09-14T13:56:08.719+05:30  INFO 27636 --- [reservation-service] [main] com.netflix.discovery.DiscoveryClient    : DiscoveryClient_RESERVATION-SERVICE/AKHIL:reservation-service:8085 - was unable to refresh its cache! This periodic background refresh will be retried in 30 seconds. status = Cannot execute request on any known server

com.netflix.discovery.shared.transport.TransportException: Cannot execute request on any known server
	at com.netflix.discovery.shared.transport.decorator.RetryableEurekaHttpClient.execute(RetryableEurekaHttpClient.java:112) ~[eureka-client-2.0.6.jar:2.0.6]
	at com.netflix.discovery.shared.transport.decorator.EurekaHttpClientDecorator.getApplications(EurekaHttpClientDecorator.java:134) ~[eureka-client-2.0.6.jar:2.0.6]
	at com.netflix.discovery.shared.transport.decorator.EurekaHttpClientDecorator$6.execute(EurekaHttpClientDecorator.java:137) ~[eureka-client-2.0.6.jar:2.0.6]
	at com.netflix.discovery.shared.transport.decorator.SessionedEurekaHttpClient.execute(SessionedEurekaHttpClient.java:76) ~[eureka-client-2.0.6.jar:2.0.6]
	at com.netflix.discovery.shared.transport.decorator.EurekaHttpClientDecorator.getApplications(EurekaHttpClientDecorator.java:134) ~[eureka-client-2.0.6.jar:2.0.6]
	at com.netflix.discovery.DiscoveryClient.getAndStoreFullRegistry(DiscoveryClient.java:1061) ~[eureka-client-2.0.6.jar:2.0.6]
	at com.netflix.discovery.DiscoveryClient.fetchRegistry(DiscoveryClient.java:976) ~[eureka-client-2.0.6.jar:2.0.6]
	at com.netflix.discovery.DiscoveryClient.<init>(DiscoveryClient.java:419) ~[eureka-client-2.0.6.jar:2.0.6]
	at com.netflix.discovery.DiscoveryClient.<init>(DiscoveryClient.java:254) ~[eureka-client-2.0.6.jar:2.0.6]
	at com.netflix.discovery.DiscoveryClient.<init>(DiscoveryClient.java:249) ~[eureka-client-2.0.6.jar:2.0.6]
	at org.springframework.cloud.netflix.eureka.CloudEurekaClient.<init>(CloudEurekaClient.java:68) ~[spring-cloud-netflix-eureka-client-5.0.2.jar:5.0.2]
	at org.springframework.cloud.netflix.eureka.EurekaClientAutoConfiguration$RefreshableEurekaClientConfiguration.eurekaClient(EurekaClientAutoConfiguration.java:324) ~[spring-cloud-netflix-eureka-client-5.0.2.jar:5.0.2]
	at java.base/jdk.internal.reflect.DirectMethodHandleAccessor.invoke(DirectMethodHandleAccessor.java:103) ~[na:na]
	at java.base/java.lang.reflect.Method.invoke(Method.java:580) ~[na:na]
	at org.springframework.beans.factory.support.SimpleInstantiationStrategy.lambda$instantiate$0(SimpleInstantiationStrategy.java:155) ~[spring-beans-7.0.9.jar:7.0.9]
	at org.springframework.beans.factory.support.SimpleInstantiationStrategy.instantiateWithFactoryMethod(SimpleInstantiationStrategy.java:72) ~[spring-beans-7.0.9.jar:7.0.9]
	at org.springframework.beans.factory.support.SimpleInstantiationStrategy.instantiate(SimpleInstantiationStrategy.java:152) ~[spring-beans-7.0.9.jar:7.0.9]
	at org.springframework.beans.factory.support.ConstructorResolver.instantiate(ConstructorResolver.java:653) ~[spring-beans-7.0.9.jar:7.0.9]
	at org.springframework.beans.factory.support.ConstructorResolver.instantiateUsingFactoryMethod(ConstructorResolver.java:645) ~[spring-beans-7.0.9.jar:7.0.9]
	at org.springframework.beans.factory.support.AbstractAutowireCapableBeanFactory.instantiateUsingFactoryMethod(AbstractAutowireCapableBeanFactory.java:1360) ~[spring-beans-7.0.9.jar:7.0.9]
	at org.springframework.beans.factory.support.AbstractAutowireCapableBeanFactory.createBeanInstance(AbstractAutowireCapableBeanFactory.java:1192) ~[spring-beans-7.0.9.jar:7.0.9]
	at org.springframework.beans.factory.support.AbstractAutowireCapableBeanFactory.doCreateBean(AbstractAutowireCapableBeanFactory.java:565) ~[spring-beans-7.0.9.jar:7.0.9]
	at org.springframework.beans.factory.support.AbstractAutowireCapableBeanFactory.createBean(AbstractAutowireCapableBeanFactory.java:525) ~[spring-beans-7.0.9.jar:7.0.9]
	at org.springframework.beans.factory.support.AbstractBeanFactory.lambda$doGetBean$1(AbstractBeanFactory.java:372) ~[spring-beans-7.0.9.jar:7.0.9]
	at org.springframework.cloud.context.scope.GenericScope$BeanLifecycleWrapper.getBean(GenericScope.java:373) ~[spring-cloud-context-5.0.3.jar:5.0.3]
	at org.springframework.cloud.context.scope.GenericScope.get(GenericScope.java:177) ~[spring-cloud-context-5.0.3.jar:5.0.3]
	at org.springframework.beans.factory.support.AbstractBeanFactory.doGetBean(AbstractBeanFactory.java:369) ~[spring-beans-7.0.9.jar:7.0.9]
	at org.springframework.beans.factory.support.AbstractBeanFactory.getBean(AbstractBeanFactory.java:196) ~[spring-beans-7.0.9.jar:7.0.9]
	at org.springframework.aop.target.SimpleBeanTargetSource.getTarget(SimpleBeanTargetSource.java:35) ~[spring-aop-7.0.9.jar:7.0.9]
	at org.springframework.cloud.netflix.eureka.serviceregistry.EurekaRegistration.getTargetObject(EurekaRegistration.java:128) ~[spring-cloud-netflix-eureka-client-5.0.2.jar:5.0.2]
	at org.springframework.cloud.netflix.eureka.serviceregistry.EurekaRegistration.getEurekaClient(EurekaRegistration.java:116) ~[spring-cloud-netflix-eureka-client-5.0.2.jar:5.0.2]
	at java.base/jdk.internal.reflect.DirectMethodHandleAccessor.invoke(DirectMethodHandleAccessor.java:103) ~[na:na]
	at java.base/java.lang.reflect.Method.invoke(Method.java:580) ~[na:na]
	at org.springframework.util.ReflectionUtils.invokeMethod(ReflectionUtils.java:281) ~[spring-core-7.0.9.jar:7.0.9]
	at org.springframework.cloud.context.scope.GenericScope$LockedScopedProxyFactoryBean.invoke(GenericScope.java:480) ~[spring-cloud-context-5.0.3.jar:5.0.3]
	at org.springframework.aop.framework.ReflectiveMethodInvocation.proceed(ReflectiveMethodInvocation.java:179) ~[spring-aop-7.0.9.jar:7.0.9]
	at org.springframework.aop.framework.CglibAopProxy$DynamicAdvisedInterceptor.intercept(CglibAopProxy.java:719) ~[spring-aop-7.0.9.jar:7.0.9]
	at org.springframework.cloud.netflix.eureka.serviceregistry.EurekaRegistration$$SpringCGLIB$$0.getEurekaClient(<generated>) ~[spring-cloud-netflix-eureka-client-5.0.2.jar:5.0.2]
	at org.springframework.cloud.netflix.eureka.serviceregistry.EurekaServiceRegistry.maybeInitializeClient(EurekaServiceRegistry.java:83) ~[spring-cloud-netflix-eureka-client-5.0.2.jar:5.0.2]
	at org.springframework.cloud.netflix.eureka.serviceregistry.EurekaServiceRegistry.register(EurekaServiceRegistry.java:66) ~[spring-cloud-netflix-eureka-client-5.0.2.jar:5.0.2]
	at org.springframework.cloud.netflix.eureka.serviceregistry.EurekaAutoServiceRegistration.start(EurekaAutoServiceRegistration.java:89) ~[spring-cloud-netflix-eureka-client-5.0.2.jar:5.0.2]
	at org.springframework.context.support.DefaultLifecycleProcessor.doStart(DefaultLifecycleProcessor.java:420) ~[spring-context-7.0.9.jar:7.0.9]
	at org.springframework.context.support.DefaultLifecycleProcessor.doStart(DefaultLifecycleProcessor.java:409) ~[spring-context-7.0.9.jar:7.0.9]
	at org.springframework.context.support.DefaultLifecycleProcessor$LifecycleGroup.start(DefaultLifecycleProcessor.java:613) ~[spring-context-7.0.9.jar:7.0.9]
	at java.base/java.lang.Iterable.forEach(Iterable.java:75) ~[na:na]
	at org.springframework.context.support.DefaultLifecycleProcessor.startBeans(DefaultLifecycleProcessor.java:379) ~[spring-context-7.0.9.jar:7.0.9]
	at org.springframework.context.support.DefaultLifecycleProcessor.onRefresh(DefaultLifecycleProcessor.java:306) ~[spring-context-7.0.9.jar:7.0.9]
	at org.springframework.context.support.AbstractApplicationContext.finishRefresh(AbstractApplicationContext.java:1013) ~[spring-context-7.0.9.jar:7.0.9]
	at org.springframework.context.support.AbstractApplicationContext.refresh(AbstractApplicationContext.java:624) ~[spring-context-7.0.9.jar:7.0.9]
	at org.springframework.boot.web.server.servlet.context.ServletWebServerApplicationContext.refresh(ServletWebServerApplicationContext.java:143) ~[spring-boot-web-server-4.1.1.jar:4.1.1]
	at org.springframework.boot.SpringApplication.refresh(SpringApplication.java:756) ~[spring-boot-4.1.1.jar:4.1.1]
	at org.springframework.boot.SpringApplication.refreshContext(SpringApplication.java:445) ~[spring-boot-4.1.1.jar:4.1.1]
	at org.springframework.boot.SpringApplication.run(SpringApplication.java:321) ~[spring-boot-4.1.1.jar:4.1.1]
	at org.springframework.boot.SpringApplication.run(SpringApplication.java:1365) ~[spring-boot-4.1.1.jar:4.1.1]
	at org.springframework.boot.SpringApplication.run(SpringApplication.java:1354) ~[spring-boot-4.1.1.jar:4.1.1]
	at com.railway.reservationservice.ReservationServiceApplication.main(ReservationServiceApplication.java:11) ~[classes/:na]

2026-09-14T13:56:08.721+05:30  INFO 27636 --- [reservation-service] [main] com.netflix.discovery.DiscoveryClient    : Initial registry fetch from primary servers failed
2026-09-14T13:56:08.722+05:30  WARN 27636 --- [reservation-service] [main] com.netflix.discovery.DiscoveryClient    : Using default backup registry implementation which does not do anything.
2026-09-14T13:56:08.728+05:30  INFO 27636 --- [reservation-service] [main] com.netflix.discovery.DiscoveryClient    : Initial registry fetch from backup servers failed
2026-09-14T13:56:08.730+05:30  INFO 27636 --- [reservation-service] [main] com.netflix.discovery.DiscoveryClient    : Starting heartbeat executor: renew interval is: 30
2026-09-14T13:56:08.734+05:30  INFO 27636 --- [reservation-service] [main] c.n.discovery.InstanceInfoReplicator     : InstanceInfoReplicator onDemand update allowed rate per min is 4
2026-09-14T13:56:08.737+05:30  INFO 27636 --- [reservation-service] [main] com.netflix.discovery.DiscoveryClient    : Discovery Client initialized at timestamp 1789374368736 with initial instances count: 0
2026-09-14T13:56:08.759+05:30  INFO 27636 --- [reservation-service] [main] o.s.c.n.e.s.EurekaServiceRegistry        : Registering application RESERVATION-SERVICE with eureka with status UP
2026-09-14T13:56:08.761+05:30  INFO 27636 --- [reservation-service] [main] com.netflix.discovery.DiscoveryClient    : Saw local status change event StatusChangeEvent [timestamp=1789374368761, current=UP, previous=STARTING]
2026-09-14T13:56:08.763+05:30  INFO 27636 --- [reservation-service] [DiscoveryClient-InstanceInfoReplicator-%d] com.netflix.discovery.DiscoveryClient    : DiscoveryClient_RESERVATION-SERVICE/AKHIL:reservation-service:8085: registering service...
2026-09-14T13:56:08.792+05:30  INFO 27636 --- [reservation-service] [main] o.s.boot.tomcat.TomcatWebServer          : Tomcat started on port 8085 (http) with context path '/'
2026-09-14T13:56:08.793+05:30  INFO 27636 --- [reservation-service] [main] .s.c.n.e.s.EurekaAutoServiceRegistration : Updating port to 8085
2026-09-14T13:56:08.820+05:30  INFO 27636 --- [reservation-service] [main] c.r.r.ReservationServiceApplication      : Started ReservationServiceApplication in 13.388 seconds (process running for 14.76)
2026-09-14T13:56:08.831+05:30  WARN 27636 --- [reservation-service] [main] o.s.core.events.SpringDocAppInitializer  : SpringDoc /api/reservations/v3/api-docs endpoint is enabled by default. To disable it in production, set the property 'springdoc.api-docs.enabled=false'
2026-09-14T13:56:08.832+05:30  WARN 27636 --- [reservation-service] [main] o.s.core.events.SpringDocAppInitializer  : SpringDoc /swagger-ui.html endpoint is enabled by default. To disable it in production, set the property 'springdoc.swagger-ui.enabled=false'
2026-09-14T13:56:08.851+05:30  INFO 27636 --- [reservation-service] [DiscoveryClient-InstanceInfoReplicator-%d] c.n.d.s.t.d.RedirectingEurekaHttpClient  : Request execution error. endpoint=DefaultEndpoint{ serviceUrl='http://eureka_admin:eureka_password_123@localhost:8761/eureka/}, exception=I/O error on POST request for "http://localhost:8761/eureka/apps/RESERVATION-SERVICE": Connect to http://localhost:8761 failed: Connection refused: getsockopt

org.springframework.web.client.ResourceAccessException: I/O error on POST request for "http://localhost:8761/eureka/apps/RESERVATION-SERVICE": Connect to http://localhost:8761 failed: Connection refused: getsockopt
	at org.springframework.web.client.DefaultRestClient$DefaultRequestBodyUriSpec.createResourceAccessException(DefaultRestClient.java:779) ~[spring-web-7.0.9.jar:7.0.9]
	at org.springframework.web.client.DefaultRestClient$DefaultRequestBodyUriSpec.exchangeInternal(DefaultRestClient.java:624) ~[spring-web-7.0.9.jar:7.0.9]
	at org.springframework.web.client.DefaultRestClient$DefaultRequestBodyUriSpec.exchange(DefaultRestClient.java:572) ~[spring-web-7.0.9.jar:7.0.9]
	at org.springframework.web.client.RestClient$RequestHeadersSpec.exchange(RestClient.java:747) ~[spring-web-7.0.9.jar:7.0.9]
	at org.springframework.web.client.DefaultRestClient$DefaultResponseSpec.executeAndExtract(DefaultRestClient.java:924) ~[spring-web-7.0.9.jar:7.0.9]
	at org.springframework.web.client.DefaultRestClient$DefaultResponseSpec.toBodilessEntity(DefaultRestClient.java:888) ~[spring-web-7.0.9.jar:7.0.9]
	at org.springframework.cloud.netflix.eureka.http.RestClientEurekaHttpClient.register(RestClientEurekaHttpClient.java:64) ~[spring-cloud-netflix-eureka-client-5.0.2.jar:5.0.2]
	at com.netflix.discovery.shared.transport.decorator.EurekaHttpClientDecorator$1.execute(EurekaHttpClientDecorator.java:59) ~[eureka-client-2.0.6.jar:2.0.6]
	at com.netflix.discovery.shared.transport.decorator.RedirectingEurekaHttpClient.executeOnNewServer(RedirectingEurekaHttpClient.java:120) ~[eureka-client-2.0.6.jar:2.0.6]
	at com.netflix.discovery.shared.transport.decorator.RedirectingEurekaHttpClient.execute(RedirectingEurekaHttpClient.java:79) ~[eureka-client-2.0.6.jar:2.0.6]
	at com.netflix.discovery.shared.transport.decorator.EurekaHttpClientDecorator.register(EurekaHttpClientDecorator.java:56) ~[eureka-client-2.0.6.jar:2.0.6]
	at com.netflix.discovery.shared.transport.decorator.EurekaHttpClientDecorator$1.execute(EurekaHttpClientDecorator.java:59) ~[eureka-client-2.0.6.jar:2.0.6]
	at com.netflix.discovery.shared.transport.decorator.RetryableEurekaHttpClient.execute(RetryableEurekaHttpClient.java:120) ~[eureka-client-2.0.6.jar:2.0.6]
	at com.netflix.discovery.shared.transport.decorator.EurekaHttpClientDecorator.register(EurekaHttpClientDecorator.java:56) ~[eureka-client-2.0.6.jar:2.0.6]
	at com.netflix.discovery.shared.transport.decorator.EurekaHttpClientDecorator$1.execute(EurekaHttpClientDecorator.java:59) ~[eureka-client-2.0.6.jar:2.0.6]
	at com.netflix.discovery.shared.transport.decorator.SessionedEurekaHttpClient.execute(SessionedEurekaHttpClient.java:76) ~[eureka-client-2.0.6.jar:2.0.6]
	at com.netflix.discovery.shared.transport.decorator.EurekaHttpClientDecorator.register(EurekaHttpClientDecorator.java:56) ~[eureka-client-2.0.6.jar:2.0.6]
	at com.netflix.discovery.DiscoveryClient.register(DiscoveryClient.java:843) ~[eureka-client-2.0.6.jar:2.0.6]
	at com.netflix.discovery.InstanceInfoReplicator.run(InstanceInfoReplicator.java:125) ~[eureka-client-2.0.6.jar:2.0.6]
	at com.netflix.discovery.InstanceInfoReplicator$2.run(InstanceInfoReplicator.java:105) ~[eureka-client-2.0.6.jar:2.0.6]
	at java.base/java.util.concurrent.Executors$RunnableAdapter.call(Executors.java:572) ~[na:na]
	at java.base/java.util.concurrent.FutureTask.run(FutureTask.java:317) ~[na:na]
	at java.base/java.util.concurrent.ScheduledThreadPoolExecutor$ScheduledFutureTask.run(ScheduledThreadPoolExecutor.java:304) ~[na:na]
	at java.base/java.util.concurrent.ThreadPoolExecutor.runWorker(ThreadPoolExecutor.java:1144) ~[na:na]
	at java.base/java.util.concurrent.ThreadPoolExecutor$Worker.run(ThreadPoolExecutor.java:642) ~[na:na]
	at java.base/java.lang.Thread.run(Thread.java:1570) ~[na:na]
Caused by: org.apache.hc.client5.http.HttpHostConnectException: Connect to http://localhost:8761 failed: Connection refused: getsockopt
	at java.base/sun.nio.ch.Net.pollConnect(Native Method) ~[na:na]
	at java.base/sun.nio.ch.Net.pollConnectNow(Net.java:682) ~[na:na]
	at java.base/sun.nio.ch.NioSocketImpl.timedFinishConnect(NioSocketImpl.java:542) ~[na:na]
	at java.base/sun.nio.ch.NioSocketImpl.connect(NioSocketImpl.java:592) ~[na:na]
	at java.base/java.net.SocksSocketImpl.connect(SocksSocketImpl.java:327) ~[na:na]
	at java.base/java.net.Socket.connect(Socket.java:752) ~[na:na]
	at org.apache.hc.client5.http.impl.io.DefaultHttpClientConnectionOperator.connect(DefaultHttpClientConnectionOperator.java:219) ~[httpclient5-5.6.4.jar:5.6.4]
	at org.apache.hc.client5.http.impl.io.PoolingHttpClientConnectionManager.connect(PoolingHttpClientConnectionManager.java:547) ~[httpclient5-5.6.4.jar:5.6.4]
	at org.apache.hc.client5.http.impl.classic.InternalExecRuntime.connectEndpoint(InternalExecRuntime.java:164) ~[httpclient5-5.6.4.jar:5.6.4]
	at org.apache.hc.client5.http.impl.classic.InternalExecRuntime.connectEndpoint(InternalExecRuntime.java:174) ~[httpclient5-5.6.4.jar:5.6.4]
	at org.apache.hc.client5.http.impl.classic.ConnectExec.execute(ConnectExec.java:144) ~[httpclient5-5.6.4.jar:5.6.4]
	at org.apache.hc.client5.http.impl.classic.ExecChainElement.execute(ExecChainElement.java:51) ~[httpclient5-5.6.4.jar:5.6.4]
	at org.apache.hc.client5.http.impl.classic.ProtocolExec.execute(ProtocolExec.java:192) ~[httpclient5-5.6.4.jar:5.6.4]
	at org.apache.hc.client5.http.impl.classic.ExecChainElement.execute(ExecChainElement.java:51) ~[httpclient5-5.6.4.jar:5.6.4]
	at org.apache.hc.client5.http.impl.classic.ContentCompressionExec.execute(ContentCompressionExec.java:138) ~[httpclient5-5.6.4.jar:5.6.4]
	at org.apache.hc.client5.http.impl.classic.ExecChainElement.execute(ExecChainElement.java:51) ~[httpclient5-5.6.4.jar:5.6.4]
	at org.apache.hc.client5.http.impl.classic.HttpRequestRetryExec.execute(HttpRequestRetryExec.java:112) ~[httpclient5-5.6.4.jar:5.6.4]
	at org.apache.hc.client5.http.impl.classic.ExecChainElement.execute(ExecChainElement.java:51) ~[httpclient5-5.6.4.jar:5.6.4]
	at org.apache.hc.client5.http.impl.classic.RedirectExec.execute(RedirectExec.java:110) ~[httpclient5-5.6.4.jar:5.6.4]
	at org.apache.hc.client5.http.impl.classic.ExecChainElement.execute(ExecChainElement.java:51) ~[httpclient5-5.6.4.jar:5.6.4]
	at org.apache.hc.client5.http.impl.classic.InternalHttpClient.doExecute(InternalHttpClient.java:186) ~[httpclient5-5.6.4.jar:5.6.4]
	at org.apache.hc.client5.http.impl.classic.CloseableHttpClient.execute(CloseableHttpClient.java:87) ~[httpclient5-5.6.4.jar:5.6.4]
	at org.apache.hc.client5.http.impl.classic.CloseableHttpClient.execute(CloseableHttpClient.java:55) ~[httpclient5-5.6.4.jar:5.6.4]
	at org.apache.hc.client5.http.classic.HttpClient.executeOpen(HttpClient.java:183) ~[httpclient5-5.6.4.jar:5.6.4]
	at org.springframework.http.client.HttpComponentsClientHttpRequest.executeInternal(HttpComponentsClientHttpRequest.java:99) ~[spring-web-7.0.9.jar:7.0.9]
	at org.springframework.http.client.AbstractStreamingClientHttpRequest.executeInternal(AbstractStreamingClientHttpRequest.java:87) ~[spring-web-7.0.9.jar:7.0.9]
	at org.springframework.http.client.AbstractClientHttpRequest.execute(AbstractClientHttpRequest.java:80) ~[spring-web-7.0.9.jar:7.0.9]
	at org.springframework.http.client.AbstractBufferingClientHttpRequest.executeWithRequestAndBody(AbstractBufferingClientHttpRequest.java:89) ~[spring-web-7.0.9.jar:7.0.9]
	at org.springframework.http.client.InterceptingClientHttpRequest$EndOfChainRequestExecution.execute(InterceptingClientHttpRequest.java:102) ~[spring-web-7.0.9.jar:7.0.9]
	at org.springframework.cloud.netflix.eureka.http.RestClientTransportClientFactory.lambda$newClient$2(RestClientTransportClientFactory.java:98) ~[spring-cloud-netflix-eureka-client-5.0.2.jar:5.0.2]
	at org.springframework.http.client.ClientHttpRequestInterceptor.lambda$andThen$1(ClientHttpRequestInterceptor.java:75) ~[spring-web-7.0.9.jar:7.0.9]
	at org.springframework.http.client.support.BasicAuthenticationInterceptor.intercept(BasicAuthenticationInterceptor.java:80) ~[spring-web-7.0.9.jar:7.0.9]
	at org.springframework.http.client.ClientHttpRequestInterceptor.lambda$andThen$0(ClientHttpRequestInterceptor.java:76) ~[spring-web-7.0.9.jar:7.0.9]
	at org.springframework.http.client.ClientHttpRequestInterceptor.lambda$apply$0(ClientHttpRequestInterceptor.java:89) ~[spring-web-7.0.9.jar:7.0.9]
	at org.springframework.http.client.InterceptingClientHttpRequest.executeInternal(InterceptingClientHttpRequest.java:73) ~[spring-web-7.0.9.jar:7.0.9]
	at org.springframework.http.client.AbstractBufferingClientHttpRequest.executeInternal(AbstractBufferingClientHttpRequest.java:50) ~[spring-web-7.0.9.jar:7.0.9]
	at org.springframework.http.client.AbstractClientHttpRequest.execute(AbstractClientHttpRequest.java:80) ~[spring-web-7.0.9.jar:7.0.9]
	at org.springframework.web.client.DefaultRestClient$DefaultRequestBodyUriSpec.exchangeInternal(DefaultRestClient.java:614) ~[spring-web-7.0.9.jar:7.0.9]
	... 24 common frames omitted

2026-09-14T13:56:08.855+05:30  WARN 27636 --- [reservation-service] [DiscoveryClient-InstanceInfoReplicator-%d] c.n.d.s.t.d.RetryableEurekaHttpClient    : Request execution failed with message: I/O error on POST request for "http://localhost:8761/eureka/apps/RESERVATION-SERVICE": Connect to http://localhost:8761 failed: Connection refused: getsockopt
2026-09-14T13:56:08.855+05:30  WARN 27636 --- [reservation-service] [DiscoveryClient-InstanceInfoReplicator-%d] com.netflix.discovery.DiscoveryClient    : DiscoveryClient_RESERVATION-SERVICE/AKHIL:reservation-service:8085 - registration failed Cannot execute request on any known server

com.netflix.discovery.shared.transport.TransportException: Cannot execute request on any known server
	at com.netflix.discovery.shared.transport.decorator.RetryableEurekaHttpClient.execute(RetryableEurekaHttpClient.java:112) ~[eureka-client-2.0.6.jar:2.0.6]
	at com.netflix.discovery.shared.transport.decorator.EurekaHttpClientDecorator.register(EurekaHttpClientDecorator.java:56) ~[eureka-client-2.0.6.jar:2.0.6]
	at com.netflix.discovery.shared.transport.decorator.EurekaHttpClientDecorator$1.execute(EurekaHttpClientDecorator.java:59) ~[eureka-client-2.0.6.jar:2.0.6]
	at com.netflix.discovery.shared.transport.decorator.SessionedEurekaHttpClient.execute(SessionedEurekaHttpClient.java:76) ~[eureka-client-2.0.6.jar:2.0.6]
	at com.netflix.discovery.shared.transport.decorator.EurekaHttpClientDecorator.register(EurekaHttpClientDecorator.java:56) ~[eureka-client-2.0.6.jar:2.0.6]
	at com.netflix.discovery.DiscoveryClient.register(DiscoveryClient.java:843) ~[eureka-client-2.0.6.jar:2.0.6]
	at com.netflix.discovery.InstanceInfoReplicator.run(InstanceInfoReplicator.java:125) ~[eureka-client-2.0.6.jar:2.0.6]
	at com.netflix.discovery.InstanceInfoReplicator$2.run(InstanceInfoReplicator.java:105) ~[eureka-client-2.0.6.jar:2.0.6]
	at java.base/java.util.concurrent.Executors$RunnableAdapter.call(Executors.java:572) ~[na:na]
	at java.base/java.util.concurrent.FutureTask.run(FutureTask.java:317) ~[na:na]
	at java.base/java.util.concurrent.ScheduledThreadPoolExecutor$ScheduledFutureTask.run(ScheduledThreadPoolExecutor.java:304) ~[na:na]
	at java.base/java.util.concurrent.ThreadPoolExecutor.runWorker(ThreadPoolExecutor.java:1144) ~[na:na]
	at java.base/java.util.concurrent.ThreadPoolExecutor$Worker.run(ThreadPoolExecutor.java:642) ~[na:na]
	at java.base/java.lang.Thread.run(Thread.java:1570) ~[na:na]

2026-09-14T13:56:08.855+05:30  WARN 27636 --- [reservation-service] [DiscoveryClient-InstanceInfoReplicator-%d] c.n.discovery.InstanceInfoReplicator     : There was a problem with the instance info replicator

com.netflix.discovery.shared.transport.TransportException: Cannot execute request on any known server
	at com.netflix.discovery.shared.transport.decorator.RetryableEurekaHttpClient.execute(RetryableEurekaHttpClient.java:112) ~[eureka-client-2.0.6.jar:2.0.6]
	at com.netflix.discovery.shared.transport.decorator.EurekaHttpClientDecorator.register(EurekaHttpClientDecorator.java:56) ~[eureka-client-2.0.6.jar:2.0.6]
	at com.netflix.discovery.shared.transport.decorator.EurekaHttpClientDecorator$1.execute(EurekaHttpClientDecorator.java:59) ~[eureka-client-2.0.6.jar:2.0.6]
	at com.netflix.discovery.shared.transport.decorator.SessionedEurekaHttpClient.execute(SessionedEurekaHttpClient.java:76) ~[eureka-client-2.0.6.jar:2.0.6]
	at com.netflix.discovery.shared.transport.decorator.EurekaHttpClientDecorator.register(EurekaHttpClientDecorator.java:56) ~[eureka-client-2.0.6.jar:2.0.6]
	at com.netflix.discovery.DiscoveryClient.register(DiscoveryClient.java:843) ~[eureka-client-2.0.6.jar:2.0.6]
	at com.netflix.discovery.InstanceInfoReplicator.run(InstanceInfoReplicator.java:125) ~[eureka-client-2.0.6.jar:2.0.6]
	at com.netflix.discovery.InstanceInfoReplicator$2.run(InstanceInfoReplicator.java:105) ~[eureka-client-2.0.6.jar:2.0.6]
	at java.base/java.util.concurrent.Executors$RunnableAdapter.call(Executors.java:572) ~[na:na]
	at java.base/java.util.concurrent.FutureTask.run(FutureTask.java:317) ~[na:na]
	at java.base/java.util.concurrent.ScheduledThreadPoolExecutor$ScheduledFutureTask.run(ScheduledThreadPoolExecutor.java:304) ~[na:na]
	at java.base/java.util.concurrent.ThreadPoolExecutor.runWorker(ThreadPoolExecutor.java:1144) ~[na:na]
	at java.base/java.util.concurrent.ThreadPoolExecutor$Worker.run(ThreadPoolExecutor.java:642) ~[na:na]
	at java.base/java.lang.Thread.run(Thread.java:1570) ~[na:na]

2026-09-14T13:56:08.958+05:30  INFO 27636 --- [reservation-service] [RMI TCP Connection(4)-192.168.0.103] o.a.c.c.C.[Tomcat].[localhost].[/]       : Initializing Spring DispatcherServlet 'dispatcherServlet'
2026-09-14T13:56:08.960+05:30  INFO 27636 --- [reservation-service] [RMI TCP Connection(4)-192.168.0.103] o.s.web.servlet.DispatcherServlet        : Initializing Servlet 'dispatcherServlet'
2026-09-14T13:56:08.965+05:30  INFO 27636 --- [reservation-service] [RMI TCP Connection(4)-192.168.0.103] o.s.web.servlet.DispatcherServlet        : Completed initialization in 5 ms
2026-09-14T13:56:08.975+05:30  INFO 27636 --- [reservation-service] [RMI TCP Connection(1)-192.168.0.103] o.s.a.r.c.CachingConnectionFactory       : Attempting to connect to: [puffin.rmq2.cloudamqp.com:5671]
2026-09-14T13:56:10.285+05:30  INFO 27636 --- [reservation-service] [RMI TCP Connection(1)-192.168.0.103] o.s.a.r.c.CachingConnectionFactory       : Created new connection: rabbitConnectionFactory#763772bd:0/SimpleConnection@440af0fd [delegate=amqp://msixzfoj@15.206.140.228:5671/msixzfoj, localPort=52662]
2026-09-14T13:56:38.749+05:30  INFO 27636 --- [reservation-service] [DiscoveryClient-CacheRefreshExecutor-%d] com.netflix.discovery.DiscoveryClient    : Disable delta property : false
2026-09-14T13:56:38.749+05:30  INFO 27636 --- [reservation-service] [DiscoveryClient-CacheRefreshExecutor-%d] com.netflix.discovery.DiscoveryClient    : Single vip registry refresh property : null
2026-09-14T13:56:38.749+05:30  INFO 27636 --- [reservation-service] [DiscoveryClient-CacheRefreshExecutor-%d] com.netflix.discovery.DiscoveryClient    : Force full registry fetch : false
2026-09-14T13:56:38.749+05:30  INFO 27636 --- [reservation-service] [DiscoveryClient-CacheRefreshExecutor-%d] com.netflix.discovery.DiscoveryClient    : Application is null : false
2026-09-14T13:56:38.751+05:30  INFO 27636 --- [reservation-service] [DiscoveryClient-CacheRefreshExecutor-%d] com.netflix.discovery.DiscoveryClient    : Registered Applications size is zero : true
2026-09-14T13:56:38.751+05:30  INFO 27636 --- [reservation-service] [DiscoveryClient-CacheRefreshExecutor-%d] com.netflix.discovery.DiscoveryClient    : Application version is -1: true
2026-09-14T13:56:38.751+05:30  INFO 27636 --- [reservation-service] [DiscoveryClient-CacheRefreshExecutor-%d] com.netflix.discovery.DiscoveryClient    : Getting all instance registry info from the eureka server
2026-09-14T13:56:38.777+05:30  INFO 27636 --- [reservation-service] [DiscoveryClient-HeartbeatExecutor-%d] c.n.d.s.t.d.RedirectingEurekaHttpClient  : Request execution error. endpoint=DefaultEndpoint{ serviceUrl='http://eureka_admin:eureka_password_123@localhost:8761/eureka/}, exception=I/O error on PUT request for "http://localhost:8761/eureka/apps/RESERVATION-SERVICE/AKHIL:reservation-service:8085": Connect to http://localhost:8761 failed: Connection refused: getsockopt

org.springframework.web.client.ResourceAccessException: I/O error on PUT request for "http://localhost:8761/eureka/apps/RESERVATION-SERVICE/AKHIL:reservation-service:8085": Connect to http://localhost:8761 failed: Connection refused: getsockopt
	at org.springframework.web.client.DefaultRestClient$DefaultRequestBodyUriSpec.createResourceAccessException(DefaultRestClient.java:779) ~[spring-web-7.0.9.jar:7.0.9]
	at org.springframework.web.client.DefaultRestClient$DefaultRequestBodyUriSpec.exchangeInternal(DefaultRestClient.java:624) ~[spring-web-7.0.9.jar:7.0.9]
	at org.springframework.web.client.DefaultRestClient$DefaultRequestBodyUriSpec.exchange(DefaultRestClient.java:572) ~[spring-web-7.0.9.jar:7.0.9]
	at org.springframework.web.client.RestClient$RequestHeadersSpec.exchange(RestClient.java:747) ~[spring-web-7.0.9.jar:7.0.9]
	at org.springframework.web.client.DefaultRestClient$DefaultResponseSpec.executeAndExtract(DefaultRestClient.java:924) ~[spring-web-7.0.9.jar:7.0.9]
	at org.springframework.web.client.DefaultRestClient$DefaultResponseSpec.toEntityInternal(DefaultRestClient.java:870) ~[spring-web-7.0.9.jar:7.0.9]
	at org.springframework.web.client.DefaultRestClient$DefaultResponseSpec.toEntity(DefaultRestClient.java:859) ~[spring-web-7.0.9.jar:7.0.9]
	at org.springframework.cloud.netflix.eureka.http.RestClientEurekaHttpClient.sendHeartBeat(RestClientEurekaHttpClient.java:91) ~[spring-cloud-netflix-eureka-client-5.0.2.jar:5.0.2]
	at com.netflix.discovery.shared.transport.decorator.EurekaHttpClientDecorator$3.execute(EurekaHttpClientDecorator.java:92) ~[eureka-client-2.0.6.jar:2.0.6]
	at com.netflix.discovery.shared.transport.decorator.RedirectingEurekaHttpClient.executeOnNewServer(RedirectingEurekaHttpClient.java:120) ~[eureka-client-2.0.6.jar:2.0.6]
	at com.netflix.discovery.shared.transport.decorator.RedirectingEurekaHttpClient.execute(RedirectingEurekaHttpClient.java:79) ~[eureka-client-2.0.6.jar:2.0.6]
	at com.netflix.discovery.shared.transport.decorator.EurekaHttpClientDecorator.sendHeartBeat(EurekaHttpClientDecorator.java:89) ~[eureka-client-2.0.6.jar:2.0.6]
	at com.netflix.discovery.shared.transport.decorator.EurekaHttpClientDecorator$3.execute(EurekaHttpClientDecorator.java:92) ~[eureka-client-2.0.6.jar:2.0.6]
	at com.netflix.discovery.shared.transport.decorator.RetryableEurekaHttpClient.execute(RetryableEurekaHttpClient.java:120) ~[eureka-client-2.0.6.jar:2.0.6]
	at com.netflix.discovery.shared.transport.decorator.EurekaHttpClientDecorator.sendHeartBeat(EurekaHttpClientDecorator.java:89) ~[eureka-client-2.0.6.jar:2.0.6]
	at com.netflix.discovery.shared.transport.decorator.EurekaHttpClientDecorator$3.execute(EurekaHttpClientDecorator.java:92) ~[eureka-client-2.0.6.jar:2.0.6]
	at com.netflix.discovery.shared.transport.decorator.SessionedEurekaHttpClient.execute(SessionedEurekaHttpClient.java:76) ~[eureka-client-2.0.6.jar:2.0.6]
	at com.netflix.discovery.shared.transport.decorator.EurekaHttpClientDecorator.sendHeartBeat(EurekaHttpClientDecorator.java:89) ~[eureka-client-2.0.6.jar:2.0.6]
	at com.netflix.discovery.DiscoveryClient.renew(DiscoveryClient.java:860) ~[eureka-client-2.0.6.jar:2.0.6]
	at com.netflix.discovery.DiscoveryClient$HeartbeatThread.run(DiscoveryClient.java:1418) ~[eureka-client-2.0.6.jar:2.0.6]
	at java.base/java.util.concurrent.Executors$RunnableAdapter.call(Executors.java:572) ~[na:na]
	at java.base/java.util.concurrent.FutureTask.run(FutureTask.java:317) ~[na:na]
	at java.base/java.util.concurrent.ThreadPoolExecutor.runWorker(ThreadPoolExecutor.java:1144) ~[na:na]
	at java.base/java.util.concurrent.ThreadPoolExecutor$Worker.run(ThreadPoolExecutor.java:642) ~[na:na]
	at java.base/java.lang.Thread.run(Thread.java:1570) ~[na:na]
Caused by: org.apache.hc.client5.http.HttpHostConnectException: Connect to http://localhost:8761 failed: Connection refused: getsockopt
	at java.base/sun.nio.ch.Net.pollConnect(Native Method) ~[na:na]
	at java.base/sun.nio.ch.Net.pollConnectNow(Net.java:682) ~[na:na]
	at java.base/sun.nio.ch.NioSocketImpl.timedFinishConnect(NioSocketImpl.java:542) ~[na:na]
	at java.base/sun.nio.ch.NioSocketImpl.connect(NioSocketImpl.java:592) ~[na:na]
	at java.base/java.net.SocksSocketImpl.connect(SocksSocketImpl.java:327) ~[na:na]
	at java.base/java.net.Socket.connect(Socket.java:752) ~[na:na]
	at org.apache.hc.client5.http.impl.io.DefaultHttpClientConnectionOperator.connect(DefaultHttpClientConnectionOperator.java:219) ~[httpclient5-5.6.4.jar:5.6.4]
	at org.apache.hc.client5.http.impl.io.PoolingHttpClientConnectionManager.connect(PoolingHttpClientConnectionManager.java:547) ~[httpclient5-5.6.4.jar:5.6.4]
	at org.apache.hc.client5.http.impl.classic.InternalExecRuntime.connectEndpoint(InternalExecRuntime.java:164) ~[httpclient5-5.6.4.jar:5.6.4]
	at org.apache.hc.client5.http.impl.classic.InternalExecRuntime.connectEndpoint(InternalExecRuntime.java:174) ~[httpclient5-5.6.4.jar:5.6.4]
	at org.apache.hc.client5.http.impl.classic.ConnectExec.execute(ConnectExec.java:144) ~[httpclient5-5.6.4.jar:5.6.4]
	at org.apache.hc.client5.http.impl.classic.ExecChainElement.execute(ExecChainElement.java:51) ~[httpclient5-5.6.4.jar:5.6.4]
	at org.apache.hc.client5.http.impl.classic.ProtocolExec.execute(ProtocolExec.java:192) ~[httpclient5-5.6.4.jar:5.6.4]
	at org.apache.hc.client5.http.impl.classic.ExecChainElement.execute(ExecChainElement.java:51) ~[httpclient5-5.6.4.jar:5.6.4]
	at org.apache.hc.client5.http.impl.classic.ContentCompressionExec.execute(ContentCompressionExec.java:138) ~[httpclient5-5.6.4.jar:5.6.4]
	at org.apache.hc.client5.http.impl.classic.ExecChainElement.execute(ExecChainElement.java:51) ~[httpclient5-5.6.4.jar:5.6.4]
	at org.apache.hc.client5.http.impl.classic.HttpRequestRetryExec.execute(HttpRequestRetryExec.java:112) ~[httpclient5-5.6.4.jar:5.6.4]
	at org.apache.hc.client5.http.impl.classic.ExecChainElement.execute(ExecChainElement.java:51) ~[httpclient5-5.6.4.jar:5.6.4]
	at org.apache.hc.client5.http.impl.classic.RedirectExec.execute(RedirectExec.java:110) ~[httpclient5-5.6.4.jar:5.6.4]
	at org.apache.hc.client5.http.impl.classic.ExecChainElement.execute(ExecChainElement.java:51) ~[httpclient5-5.6.4.jar:5.6.4]
	at org.apache.hc.client5.http.impl.classic.InternalHttpClient.doExecute(InternalHttpClient.java:186) ~[httpclient5-5.6.4.jar:5.6.4]
	at org.apache.hc.client5.http.impl.classic.CloseableHttpClient.execute(CloseableHttpClient.java:87) ~[httpclient5-5.6.4.jar:5.6.4]
	at org.apache.hc.client5.http.impl.classic.CloseableHttpClient.execute(CloseableHttpClient.java:55) ~[httpclient5-5.6.4.jar:5.6.4]
	at org.apache.hc.client5.http.classic.HttpClient.executeOpen(HttpClient.java:183) ~[httpclient5-5.6.4.jar:5.6.4]
	at org.springframework.http.client.HttpComponentsClientHttpRequest.executeInternal(HttpComponentsClientHttpRequest.java:99) ~[spring-web-7.0.9.jar:7.0.9]
	at org.springframework.http.client.AbstractStreamingClientHttpRequest.executeInternal(AbstractStreamingClientHttpRequest.java:87) ~[spring-web-7.0.9.jar:7.0.9]
	at org.springframework.http.client.AbstractClientHttpRequest.execute(AbstractClientHttpRequest.java:80) ~[spring-web-7.0.9.jar:7.0.9]
	at org.springframework.http.client.AbstractBufferingClientHttpRequest.executeWithRequestAndBody(AbstractBufferingClientHttpRequest.java:89) ~[spring-web-7.0.9.jar:7.0.9]
	at org.springframework.http.client.InterceptingClientHttpRequest$EndOfChainRequestExecution.execute(InterceptingClientHttpRequest.java:102) ~[spring-web-7.0.9.jar:7.0.9]
	at org.springframework.cloud.netflix.eureka.http.RestClientTransportClientFactory.lambda$newClient$2(RestClientTransportClientFactory.java:98) ~[spring-cloud-netflix-eureka-client-5.0.2.jar:5.0.2]
	at org.springframework.http.client.ClientHttpRequestInterceptor.lambda$andThen$1(ClientHttpRequestInterceptor.java:75) ~[spring-web-7.0.9.jar:7.0.9]
	at org.springframework.http.client.support.BasicAuthenticationInterceptor.intercept(BasicAuthenticationInterceptor.java:80) ~[spring-web-7.0.9.jar:7.0.9]
	at org.springframework.http.client.ClientHttpRequestInterceptor.lambda$andThen$0(ClientHttpRequestInterceptor.java:76) ~[spring-web-7.0.9.jar:7.0.9]
	at org.springframework.http.client.ClientHttpRequestInterceptor.lambda$apply$0(ClientHttpRequestInterceptor.java:89) ~[spring-web-7.0.9.jar:7.0.9]
	at org.springframework.http.client.InterceptingClientHttpRequest.executeInternal(InterceptingClientHttpRequest.java:73) ~[spring-web-7.0.9.jar:7.0.9]
	at org.springframework.http.client.AbstractBufferingClientHttpRequest.executeInternal(AbstractBufferingClientHttpRequest.java:50) ~[spring-web-7.0.9.jar:7.0.9]
	at org.springframework.http.client.AbstractClientHttpRequest.execute(AbstractClientHttpRequest.java:80) ~[spring-web-7.0.9.jar:7.0.9]
	at org.springframework.web.client.DefaultRestClient$DefaultRequestBodyUriSpec.exchangeInternal(DefaultRestClient.java:614) ~[spring-web-7.0.9.jar:7.0.9]
	... 23 common frames omitted

2026-09-14T13:56:38.787+05:30  WARN 27636 --- [reservation-service] [DiscoveryClient-HeartbeatExecutor-%d] c.n.d.s.t.d.RetryableEurekaHttpClient    : Request execution failed with message: I/O error on PUT request for "http://localhost:8761/eureka/apps/RESERVATION-SERVICE/AKHIL:reservation-service:8085": Connect to http://localhost:8761 failed: Connection refused: getsockopt
2026-09-14T13:56:38.787+05:30 ERROR 27636 --- [reservation-service] [DiscoveryClient-HeartbeatExecutor-%d] com.netflix.discovery.DiscoveryClient    : DiscoveryClient_RESERVATION-SERVICE/AKHIL:reservation-service:8085 - was unable to send heartbeat!

com.netflix.discovery.shared.transport.TransportException: Cannot execute request on any known server
	at com.netflix.discovery.shared.transport.decorator.RetryableEurekaHttpClient.execute(RetryableEurekaHttpClient.java:112) ~[eureka-client-2.0.6.jar:2.0.6]
	at com.netflix.discovery.shared.transport.decorator.EurekaHttpClientDecorator.sendHeartBeat(EurekaHttpClientDecorator.java:89) ~[eureka-client-2.0.6.jar:2.0.6]
	at com.netflix.discovery.shared.transport.decorator.EurekaHttpClientDecorator$3.execute(EurekaHttpClientDecorator.java:92) ~[eureka-client-2.0.6.jar:2.0.6]
	at com.netflix.discovery.shared.transport.decorator.SessionedEurekaHttpClient.execute(SessionedEurekaHttpClient.java:76) ~[eureka-client-2.0.6.jar:2.0.6]
	at com.netflix.discovery.shared.transport.decorator.EurekaHttpClientDecorator.sendHeartBeat(EurekaHttpClientDecorator.java:89) ~[eureka-client-2.0.6.jar:2.0.6]
	at com.netflix.discovery.DiscoveryClient.renew(DiscoveryClient.java:860) ~[eureka-client-2.0.6.jar:2.0.6]
	at com.netflix.discovery.DiscoveryClient$HeartbeatThread.run(DiscoveryClient.java:1418) ~[eureka-client-2.0.6.jar:2.0.6]
	at java.base/java.util.concurrent.Executors$RunnableAdapter.call(Executors.java:572) ~[na:na]
	at java.base/java.util.concurrent.FutureTask.run(FutureTask.java:317) ~[na:na]
	at java.base/java.util.concurrent.ThreadPoolExecutor.runWorker(ThreadPoolExecutor.java:1144) ~[na:na]
	at java.base/java.util.concurrent.ThreadPoolExecutor$Worker.run(ThreadPoolExecutor.java:642) ~[na:na]
	at java.base/java.lang.Thread.run(Thread.java:1570) ~[na:na]

2026-09-14T13:56:38.783+05:30  INFO 27636 --- [reservation-service] [DiscoveryClient-CacheRefreshExecutor-%d] c.n.d.s.t.d.RedirectingEurekaHttpClient  : Request execution error. endpoint=DefaultEndpoint{ serviceUrl='http://eureka_admin:eureka_password_123@localhost:8761/eureka/}, exception=I/O error on GET request for "http://localhost:8761/eureka/apps/": Connect to http://localhost:8761 failed: Connection refused: getsockopt

org.springframework.web.client.ResourceAccessException: I/O error on GET request for "http://localhost:8761/eureka/apps/": Connect to http://localhost:8761 failed: Connection refused: getsockopt
	at org.springframework.web.client.DefaultRestClient$DefaultRequestBodyUriSpec.createResourceAccessException(DefaultRestClient.java:779) ~[spring-web-7.0.9.jar:7.0.9]
	at org.springframework.web.client.DefaultRestClient$DefaultRequestBodyUriSpec.exchangeInternal(DefaultRestClient.java:624) ~[spring-web-7.0.9.jar:7.0.9]
	at org.springframework.web.client.DefaultRestClient$DefaultRequestBodyUriSpec.exchange(DefaultRestClient.java:572) ~[spring-web-7.0.9.jar:7.0.9]
	at org.springframework.web.client.RestClient$RequestHeadersSpec.exchange(RestClient.java:747) ~[spring-web-7.0.9.jar:7.0.9]
	at org.springframework.web.client.DefaultRestClient$DefaultResponseSpec.executeAndExtract(DefaultRestClient.java:924) ~[spring-web-7.0.9.jar:7.0.9]
	at org.springframework.web.client.DefaultRestClient$DefaultResponseSpec.toEntityInternal(DefaultRestClient.java:870) ~[spring-web-7.0.9.jar:7.0.9]
	at org.springframework.web.client.DefaultRestClient$DefaultResponseSpec.toEntity(DefaultRestClient.java:859) ~[spring-web-7.0.9.jar:7.0.9]
	at org.springframework.cloud.netflix.eureka.http.RestClientEurekaHttpClient.getApplicationsInternal(RestClientEurekaHttpClient.java:201) ~[spring-cloud-netflix-eureka-client-5.0.2.jar:5.0.2]
	at org.springframework.cloud.netflix.eureka.http.RestClientEurekaHttpClient.getApplications(RestClientEurekaHttpClient.java:137) ~[spring-cloud-netflix-eureka-client-5.0.2.jar:5.0.2]
	at com.netflix.discovery.shared.transport.decorator.EurekaHttpClientDecorator$6.execute(EurekaHttpClientDecorator.java:137) ~[eureka-client-2.0.6.jar:2.0.6]
	at com.netflix.discovery.shared.transport.decorator.RedirectingEurekaHttpClient.executeOnNewServer(RedirectingEurekaHttpClient.java:120) ~[eureka-client-2.0.6.jar:2.0.6]
	at com.netflix.discovery.shared.transport.decorator.RedirectingEurekaHttpClient.execute(RedirectingEurekaHttpClient.java:79) ~[eureka-client-2.0.6.jar:2.0.6]
	at com.netflix.discovery.shared.transport.decorator.EurekaHttpClientDecorator.getApplications(EurekaHttpClientDecorator.java:134) ~[eureka-client-2.0.6.jar:2.0.6]
	at com.netflix.discovery.shared.transport.decorator.EurekaHttpClientDecorator$6.execute(EurekaHttpClientDecorator.java:137) ~[eureka-client-2.0.6.jar:2.0.6]
	at com.netflix.discovery.shared.transport.decorator.RetryableEurekaHttpClient.execute(RetryableEurekaHttpClient.java:120) ~[eureka-client-2.0.6.jar:2.0.6]
	at com.netflix.discovery.shared.transport.decorator.EurekaHttpClientDecorator.getApplications(EurekaHttpClientDecorator.java:134) ~[eureka-client-2.0.6.jar:2.0.6]
	at com.netflix.discovery.shared.transport.decorator.EurekaHttpClientDecorator$6.execute(EurekaHttpClientDecorator.java:137) ~[eureka-client-2.0.6.jar:2.0.6]
	at com.netflix.discovery.shared.transport.decorator.SessionedEurekaHttpClient.execute(SessionedEurekaHttpClient.java:76) ~[eureka-client-2.0.6.jar:2.0.6]
	at com.netflix.discovery.shared.transport.decorator.EurekaHttpClientDecorator.getApplications(EurekaHttpClientDecorator.java:134) ~[eureka-client-2.0.6.jar:2.0.6]
	at com.netflix.discovery.DiscoveryClient.getAndStoreFullRegistry(DiscoveryClient.java:1061) ~[eureka-client-2.0.6.jar:2.0.6]
	at com.netflix.discovery.DiscoveryClient.fetchRegistry(DiscoveryClient.java:976) ~[eureka-client-2.0.6.jar:2.0.6]
	at com.netflix.discovery.DiscoveryClient.refreshRegistry(DiscoveryClient.java:1489) ~[eureka-client-2.0.6.jar:2.0.6]
	at com.netflix.discovery.DiscoveryClient$CacheRefreshThread.run(DiscoveryClient.java:1457) ~[eureka-client-2.0.6.jar:2.0.6]
	at java.base/java.util.concurrent.Executors$RunnableAdapter.call(Executors.java:572) ~[na:na]
	at java.base/java.util.concurrent.FutureTask.run(FutureTask.java:317) ~[na:na]
	at java.base/java.util.concurrent.ThreadPoolExecutor.runWorker(ThreadPoolExecutor.java:1144) ~[na:na]
	at java.base/java.util.concurrent.ThreadPoolExecutor$Worker.run(ThreadPoolExecutor.java:642) ~[na:na]
	at java.base/java.lang.Thread.run(Thread.java:1570) ~[na:na]
Caused by: org.apache.hc.client5.http.HttpHostConnectException: Connect to http://localhost:8761 failed: Connection refused: getsockopt
	at java.base/sun.nio.ch.Net.pollConnect(Native Method) ~[na:na]
	at java.base/sun.nio.ch.Net.pollConnectNow(Net.java:682) ~[na:na]
	at java.base/sun.nio.ch.NioSocketImpl.timedFinishConnect(NioSocketImpl.java:542) ~[na:na]
	at java.base/sun.nio.ch.NioSocketImpl.connect(NioSocketImpl.java:592) ~[na:na]
	at java.base/java.net.SocksSocketImpl.connect(SocksSocketImpl.java:327) ~[na:na]
	at java.base/java.net.Socket.connect(Socket.java:752) ~[na:na]
	at org.apache.hc.client5.http.impl.io.DefaultHttpClientConnectionOperator.connect(DefaultHttpClientConnectionOperator.java:219) ~[httpclient5-5.6.4.jar:5.6.4]
	at org.apache.hc.client5.http.impl.io.PoolingHttpClientConnectionManager.connect(PoolingHttpClientConnectionManager.java:547) ~[httpclient5-5.6.4.jar:5.6.4]
	at org.apache.hc.client5.http.impl.classic.InternalExecRuntime.connectEndpoint(InternalExecRuntime.java:164) ~[httpclient5-5.6.4.jar:5.6.4]
	at org.apache.hc.client5.http.impl.classic.InternalExecRuntime.connectEndpoint(InternalExecRuntime.java:174) ~[httpclient5-5.6.4.jar:5.6.4]
	at org.apache.hc.client5.http.impl.classic.ConnectExec.execute(ConnectExec.java:144) ~[httpclient5-5.6.4.jar:5.6.4]
	at org.apache.hc.client5.http.impl.classic.ExecChainElement.execute(ExecChainElement.java:51) ~[httpclient5-5.6.4.jar:5.6.4]
	at org.apache.hc.client5.http.impl.classic.ProtocolExec.execute(ProtocolExec.java:192) ~[httpclient5-5.6.4.jar:5.6.4]
	at org.apache.hc.client5.http.impl.classic.ExecChainElement.execute(ExecChainElement.java:51) ~[httpclient5-5.6.4.jar:5.6.4]
	at org.apache.hc.client5.http.impl.classic.ContentCompressionExec.execute(ContentCompressionExec.java:138) ~[httpclient5-5.6.4.jar:5.6.4]
	at org.apache.hc.client5.http.impl.classic.ExecChainElement.execute(ExecChainElement.java:51) ~[httpclient5-5.6.4.jar:5.6.4]
	at org.apache.hc.client5.http.impl.classic.HttpRequestRetryExec.execute(HttpRequestRetryExec.java:112) ~[httpclient5-5.6.4.jar:5.6.4]
	at org.apache.hc.client5.http.impl.classic.ExecChainElement.execute(ExecChainElement.java:51) ~[httpclient5-5.6.4.jar:5.6.4]
	at org.apache.hc.client5.http.impl.classic.RedirectExec.execute(RedirectExec.java:110) ~[httpclient5-5.6.4.jar:5.6.4]
	at org.apache.hc.client5.http.impl.classic.ExecChainElement.execute(ExecChainElement.java:51) ~[httpclient5-5.6.4.jar:5.6.4]
	at org.apache.hc.client5.http.impl.classic.InternalHttpClient.doExecute(InternalHttpClient.java:186) ~[httpclient5-5.6.4.jar:5.6.4]
	at org.apache.hc.client5.http.impl.classic.CloseableHttpClient.execute(CloseableHttpClient.java:87) ~[httpclient5-5.6.4.jar:5.6.4]
	at org.apache.hc.client5.http.impl.classic.CloseableHttpClient.execute(CloseableHttpClient.java:55) ~[httpclient5-5.6.4.jar:5.6.4]
	at org.apache.hc.client5.http.classic.HttpClient.executeOpen(HttpClient.java:183) ~[httpclient5-5.6.4.jar:5.6.4]
	at org.springframework.http.client.HttpComponentsClientHttpRequest.executeInternal(HttpComponentsClientHttpRequest.java:99) ~[spring-web-7.0.9.jar:7.0.9]
	at org.springframework.http.client.AbstractStreamingClientHttpRequest.executeInternal(AbstractStreamingClientHttpRequest.java:87) ~[spring-web-7.0.9.jar:7.0.9]
	at org.springframework.http.client.AbstractClientHttpRequest.execute(AbstractClientHttpRequest.java:80) ~[spring-web-7.0.9.jar:7.0.9]
	at org.springframework.http.client.AbstractBufferingClientHttpRequest.executeWithRequestAndBody(AbstractBufferingClientHttpRequest.java:89) ~[spring-web-7.0.9.jar:7.0.9]
	at org.springframework.http.client.InterceptingClientHttpRequest$EndOfChainRequestExecution.execute(InterceptingClientHttpRequest.java:102) ~[spring-web-7.0.9.jar:7.0.9]
	at org.springframework.cloud.netflix.eureka.http.RestClientTransportClientFactory.lambda$newClient$2(RestClientTransportClientFactory.java:98) ~[spring-cloud-netflix-eureka-client-5.0.2.jar:5.0.2]
	at org.springframework.http.client.ClientHttpRequestInterceptor.lambda$andThen$1(ClientHttpRequestInterceptor.java:75) ~[spring-web-7.0.9.jar:7.0.9]
	at org.springframework.http.client.support.BasicAuthenticationInterceptor.intercept(BasicAuthenticationInterceptor.java:80) ~[spring-web-7.0.9.jar:7.0.9]
	at org.springframework.http.client.ClientHttpRequestInterceptor.lambda$andThen$0(ClientHttpRequestInterceptor.java:76) ~[spring-web-7.0.9.jar:7.0.9]
	at org.springframework.http.client.ClientHttpRequestInterceptor.lambda$apply$0(ClientHttpRequestInterceptor.java:89) ~[spring-web-7.0.9.jar:7.0.9]
	at org.springframework.http.client.InterceptingClientHttpRequest.executeInternal(InterceptingClientHttpRequest.java:73) ~[spring-web-7.0.9.jar:7.0.9]
	at org.springframework.http.client.AbstractBufferingClientHttpRequest.executeInternal(AbstractBufferingClientHttpRequest.java:50) ~[spring-web-7.0.9.jar:7.0.9]
	at org.springframework.http.client.AbstractClientHttpRequest.execute(AbstractClientHttpRequest.java:80) ~[spring-web-7.0.9.jar:7.0.9]
	at org.springframework.web.client.DefaultRestClient$DefaultRequestBodyUriSpec.exchangeInternal(DefaultRestClient.java:614) ~[spring-web-7.0.9.jar:7.0.9]
	... 26 common frames omitted

2026-09-14T13:56:38.796+05:30  WARN 27636 --- [reservation-service] [DiscoveryClient-CacheRefreshExecutor-%d] c.n.d.s.t.d.RetryableEurekaHttpClient    : Request execution failed with message: I/O error on GET request for "http://localhost:8761/eureka/apps/": Connect to http://localhost:8761 failed: Connection refused: getsockopt
2026-09-14T13:56:38.796+05:30  INFO 27636 --- [reservation-service] [DiscoveryClient-CacheRefreshExecutor-%d] com.netflix.discovery.DiscoveryClient    : DiscoveryClient_RESERVATION-SERVICE/AKHIL:reservation-service:8085 - was unable to refresh its cache! This periodic background refresh will be retried in 30 seconds. status = Cannot execute request on any known server

com.netflix.discovery.shared.transport.TransportException: Cannot execute request on any known server
	at com.netflix.discovery.shared.transport.decorator.RetryableEurekaHttpClient.execute(RetryableEurekaHttpClient.java:112) ~[eureka-client-2.0.6.jar:2.0.6]
	at com.netflix.discovery.shared.transport.decorator.EurekaHttpClientDecorator.getApplications(EurekaHttpClientDecorator.java:134) ~[eureka-client-2.0.6.jar:2.0.6]
	at com.netflix.discovery.shared.transport.decorator.EurekaHttpClientDecorator$6.execute(EurekaHttpClientDecorator.java:137) ~[eureka-client-2.0.6.jar:2.0.6]
	at com.netflix.discovery.shared.transport.decorator.SessionedEurekaHttpClient.execute(SessionedEurekaHttpClient.java:76) ~[eureka-client-2.0.6.jar:2.0.6]
	at com.netflix.discovery.shared.transport.decorator.EurekaHttpClientDecorator.getApplications(EurekaHttpClientDecorator.java:134) ~[eureka-client-2.0.6.jar:2.0.6]
	at com.netflix.discovery.DiscoveryClient.getAndStoreFullRegistry(DiscoveryClient.java:1061) ~[eureka-client-2.0.6.jar:2.0.6]
	at com.netflix.discovery.DiscoveryClient.fetchRegistry(DiscoveryClient.java:976) ~[eureka-client-2.0.6.jar:2.0.6]
	at com.netflix.discovery.DiscoveryClient.refreshRegistry(DiscoveryClient.java:1489) ~[eureka-client-2.0.6.jar:2.0.6]
	at com.netflix.discovery.DiscoveryClient$CacheRefreshThread.run(DiscoveryClient.java:1457) ~[eureka-client-2.0.6.jar:2.0.6]
	at java.base/java.util.concurrent.Executors$RunnableAdapter.call(Executors.java:572) ~[na:na]
	at java.base/java.util.concurrent.FutureTask.run(FutureTask.java:317) ~[na:na]
	at java.base/java.util.concurrent.ThreadPoolExecutor.runWorker(ThreadPoolExecutor.java:1144) ~[na:na]
	at java.base/java.util.concurrent.ThreadPoolExecutor$Worker.run(ThreadPoolExecutor.java:642) ~[na:na]
	at java.base/java.lang.Thread.run(Thread.java:1570) ~[na:na]

2026-09-14T13:56:38.868+05:30  INFO 27636 --- [reservation-service] [DiscoveryClient-InstanceInfoReplicator-%d] com.netflix.discovery.DiscoveryClient    : DiscoveryClient_RESERVATION-SERVICE/AKHIL:reservation-service:8085: registering service...
2026-09-14T13:56:38.916+05:30  INFO 27636 --- [reservation-service] [DiscoveryClient-InstanceInfoReplicator-%d] c.n.d.s.t.d.RedirectingEurekaHttpClient  : Request execution error. endpoint=DefaultEndpoint{ serviceUrl='http://eureka_admin:eureka_password_123@localhost:8761/eureka/}, exception=I/O error on POST request for "http://localhost:8761/eureka/apps/RESERVATION-SERVICE": Connect to http://localhost:8761 failed: Connection refused: getsockopt

org.springframework.web.client.ResourceAccessException: I/O error on POST request for "http://localhost:8761/eureka/apps/RESERVATION-SERVICE": Connect to http://localhost:8761 failed: Connection refused: getsockopt
	at org.springframework.web.client.DefaultRestClient$DefaultRequestBodyUriSpec.createResourceAccessException(DefaultRestClient.java:779) ~[spring-web-7.0.9.jar:7.0.9]
	at org.springframework.web.client.DefaultRestClient$DefaultRequestBodyUriSpec.exchangeInternal(DefaultRestClient.java:624) ~[spring-web-7.0.9.jar:7.0.9]
	at org.springframework.web.client.DefaultRestClient$DefaultRequestBodyUriSpec.exchange(DefaultRestClient.java:572) ~[spring-web-7.0.9.jar:7.0.9]
	at org.springframework.web.client.RestClient$RequestHeadersSpec.exchange(RestClient.java:747) ~[spring-web-7.0.9.jar:7.0.9]
	at org.springframework.web.client.DefaultRestClient$DefaultResponseSpec.executeAndExtract(DefaultRestClient.java:924) ~[spring-web-7.0.9.jar:7.0.9]
	at org.springframework.web.client.DefaultRestClient$DefaultResponseSpec.toBodilessEntity(DefaultRestClient.java:888) ~[spring-web-7.0.9.jar:7.0.9]
	at org.springframework.cloud.netflix.eureka.http.RestClientEurekaHttpClient.register(RestClientEurekaHttpClient.java:64) ~[spring-cloud-netflix-eureka-client-5.0.2.jar:5.0.2]
	at com.netflix.discovery.shared.transport.decorator.EurekaHttpClientDecorator$1.execute(EurekaHttpClientDecorator.java:59) ~[eureka-client-2.0.6.jar:2.0.6]
	at com.netflix.discovery.shared.transport.decorator.RedirectingEurekaHttpClient.executeOnNewServer(RedirectingEurekaHttpClient.java:120) ~[eureka-client-2.0.6.jar:2.0.6]
	at com.netflix.discovery.shared.transport.decorator.RedirectingEurekaHttpClient.execute(RedirectingEurekaHttpClient.java:79) ~[eureka-client-2.0.6.jar:2.0.6]
	at com.netflix.discovery.shared.transport.decorator.EurekaHttpClientDecorator.register(EurekaHttpClientDecorator.java:56) ~[eureka-client-2.0.6.jar:2.0.6]
	at com.netflix.discovery.shared.transport.decorator.EurekaHttpClientDecorator$1.execute(EurekaHttpClientDecorator.java:59) ~[eureka-client-2.0.6.jar:2.0.6]
	at com.netflix.discovery.shared.transport.decorator.RetryableEurekaHttpClient.execute(RetryableEurekaHttpClient.java:120) ~[eureka-client-2.0.6.jar:2.0.6]
	at com.netflix.discovery.shared.transport.decorator.EurekaHttpClientDecorator.register(EurekaHttpClientDecorator.java:56) ~[eureka-client-2.0.6.jar:2.0.6]
	at com.netflix.discovery.shared.transport.decorator.EurekaHttpClientDecorator$1.execute(EurekaHttpClientDecorator.java:59) ~[eureka-client-2.0.6.jar:2.0.6]
	at com.netflix.discovery.shared.transport.decorator.SessionedEurekaHttpClient.execute(SessionedEurekaHttpClient.java:76) ~[eureka-client-2.0.6.jar:2.0.6]
	at com.netflix.discovery.shared.transport.decorator.EurekaHttpClientDecorator.register(EurekaHttpClientDecorator.java:56) ~[eureka-client-2.0.6.jar:2.0.6]
	at com.netflix.discovery.DiscoveryClient.register(DiscoveryClient.java:843) ~[eureka-client-2.0.6.jar:2.0.6]
	at com.netflix.discovery.InstanceInfoReplicator.run(InstanceInfoReplicator.java:125) ~[eureka-client-2.0.6.jar:2.0.6]
	at java.base/java.util.concurrent.Executors$RunnableAdapter.call(Executors.java:572) ~[na:na]
	at java.base/java.util.concurrent.FutureTask.run(FutureTask.java:317) ~[na:na]
	at java.base/java.util.concurrent.ScheduledThreadPoolExecutor$ScheduledFutureTask.run(ScheduledThreadPoolExecutor.java:304) ~[na:na]
	at java.base/java.util.concurrent.ThreadPoolExecutor.runWorker(ThreadPoolExecutor.java:1144) ~[na:na]
	at java.base/java.util.concurrent.ThreadPoolExecutor$Worker.run(ThreadPoolExecutor.java:642) ~[na:na]
	at java.base/java.lang.Thread.run(Thread.java:1570) ~[na:na]
Caused by: org.apache.hc.client5.http.HttpHostConnectException: Connect to http://localhost:8761 failed: Connection refused: getsockopt
	at java.base/sun.nio.ch.Net.pollConnect(Native Method) ~[na:na]
	at java.base/sun.nio.ch.Net.pollConnectNow(Net.java:682) ~[na:na]
	at java.base/sun.nio.ch.NioSocketImpl.timedFinishConnect(NioSocketImpl.java:542) ~[na:na]
	at java.base/sun.nio.ch.NioSocketImpl.connect(NioSocketImpl.java:592) ~[na:na]
	at java.base/java.net.SocksSocketImpl.connect(SocksSocketImpl.java:327) ~[na:na]
	at java.base/java.net.Socket.connect(Socket.java:752) ~[na:na]
	at org.apache.hc.client5.http.impl.io.DefaultHttpClientConnectionOperator.connect(DefaultHttpClientConnectionOperator.java:219) ~[httpclient5-5.6.4.jar:5.6.4]
	at org.apache.hc.client5.http.impl.io.PoolingHttpClientConnectionManager.connect(PoolingHttpClientConnectionManager.java:547) ~[httpclient5-5.6.4.jar:5.6.4]
	at org.apache.hc.client5.http.impl.classic.InternalExecRuntime.connectEndpoint(InternalExecRuntime.java:164) ~[httpclient5-5.6.4.jar:5.6.4]
	at org.apache.hc.client5.http.impl.classic.InternalExecRuntime.connectEndpoint(InternalExecRuntime.java:174) ~[httpclient5-5.6.4.jar:5.6.4]
	at org.apache.hc.client5.http.impl.classic.ConnectExec.execute(ConnectExec.java:144) ~[httpclient5-5.6.4.jar:5.6.4]
	at org.apache.hc.client5.http.impl.classic.ExecChainElement.execute(ExecChainElement.java:51) ~[httpclient5-5.6.4.jar:5.6.4]
	at org.apache.hc.client5.http.impl.classic.ProtocolExec.execute(ProtocolExec.java:192) ~[httpclient5-5.6.4.jar:5.6.4]
	at org.apache.hc.client5.http.impl.classic.ExecChainElement.execute(ExecChainElement.java:51) ~[httpclient5-5.6.4.jar:5.6.4]
	at org.apache.hc.client5.http.impl.classic.ContentCompressionExec.execute(ContentCompressionExec.java:138) ~[httpclient5-5.6.4.jar:5.6.4]
	at org.apache.hc.client5.http.impl.classic.ExecChainElement.execute(ExecChainElement.java:51) ~[httpclient5-5.6.4.jar:5.6.4]
	at org.apache.hc.client5.http.impl.classic.HttpRequestRetryExec.execute(HttpRequestRetryExec.java:112) ~[httpclient5-5.6.4.jar:5.6.4]
	at org.apache.hc.client5.http.impl.classic.ExecChainElement.execute(ExecChainElement.java:51) ~[httpclient5-5.6.4.jar:5.6.4]
	at org.apache.hc.client5.http.impl.classic.RedirectExec.execute(RedirectExec.java:110) ~[httpclient5-5.6.4.jar:5.6.4]
	at org.apache.hc.client5.http.impl.classic.ExecChainElement.execute(ExecChainElement.java:51) ~[httpclient5-5.6.4.jar:5.6.4]
	at org.apache.hc.client5.http.impl.classic.InternalHttpClient.doExecute(InternalHttpClient.java:186) ~[httpclient5-5.6.4.jar:5.6.4]
	at org.apache.hc.client5.http.impl.classic.CloseableHttpClient.execute(CloseableHttpClient.java:87) ~[httpclient5-5.6.4.jar:5.6.4]
	at org.apache.hc.client5.http.impl.classic.CloseableHttpClient.execute(CloseableHttpClient.java:55) ~[httpclient5-5.6.4.jar:5.6.4]
	at org.apache.hc.client5.http.classic.HttpClient.executeOpen(HttpClient.java:183) ~[httpclient5-5.6.4.jar:5.6.4]
	at org.springframework.http.client.HttpComponentsClientHttpRequest.executeInternal(HttpComponentsClientHttpRequest.java:99) ~[spring-web-7.0.9.jar:7.0.9]
	at org.springframework.http.client.AbstractStreamingClientHttpRequest.executeInternal(AbstractStreamingClientHttpRequest.java:87) ~[spring-web-7.0.9.jar:7.0.9]
	at org.springframework.http.client.AbstractClientHttpRequest.execute(AbstractClientHttpRequest.java:80) ~[spring-web-7.0.9.jar:7.0.9]
	at org.springframework.http.client.AbstractBufferingClientHttpRequest.executeWithRequestAndBody(AbstractBufferingClientHttpRequest.java:89) ~[spring-web-7.0.9.jar:7.0.9]
	at org.springframework.http.client.InterceptingClientHttpRequest$EndOfChainRequestExecution.execute(InterceptingClientHttpRequest.java:102) ~[spring-web-7.0.9.jar:7.0.9]
	at org.springframework.cloud.netflix.eureka.http.RestClientTransportClientFactory.lambda$newClient$2(RestClientTransportClientFactory.java:98) ~[spring-cloud-netflix-eureka-client-5.0.2.jar:5.0.2]
	at org.springframework.http.client.ClientHttpRequestInterceptor.lambda$andThen$1(ClientHttpRequestInterceptor.java:75) ~[spring-web-7.0.9.jar:7.0.9]
	at org.springframework.http.client.support.BasicAuthenticationInterceptor.intercept(BasicAuthenticationInterceptor.java:80) ~[spring-web-7.0.9.jar:7.0.9]
	at org.springframework.http.client.ClientHttpRequestInterceptor.lambda$andThen$0(ClientHttpRequestInterceptor.java:76) ~[spring-web-7.0.9.jar:7.0.9]
	at org.springframework.http.client.ClientHttpRequestInterceptor.lambda$apply$0(ClientHttpRequestInterceptor.java:89) ~[spring-web-7.0.9.jar:7.0.9]
	at org.springframework.http.client.InterceptingClientHttpRequest.executeInternal(InterceptingClientHttpRequest.java:73) ~[spring-web-7.0.9.jar:7.0.9]
	at org.springframework.http.client.AbstractBufferingClientHttpRequest.executeInternal(AbstractBufferingClientHttpRequest.java:50) ~[spring-web-7.0.9.jar:7.0.9]
	at org.springframework.http.client.AbstractClientHttpRequest.execute(AbstractClientHttpRequest.java:80) ~[spring-web-7.0.9.jar:7.0.9]
	at org.springframework.web.client.DefaultRestClient$DefaultRequestBodyUriSpec.exchangeInternal(DefaultRestClient.java:614) ~[spring-web-7.0.9.jar:7.0.9]
	... 23 common frames omitted

2026-09-14T13:56:38.917+05:30  WARN 27636 --- [reservation-service] [DiscoveryClient-InstanceInfoReplicator-%d] c.n.d.s.t.d.RetryableEurekaHttpClient    : Request execution failed with message: I/O error on POST request for "http://localhost:8761/eureka/apps/RESERVATION-SERVICE": Connect to http://localhost:8761 failed: Connection refused: getsockopt
2026-09-14T13:56:38.917+05:30  WARN 27636 --- [reservation-service] [DiscoveryClient-InstanceInfoReplicator-%d] com.netflix.discovery.DiscoveryClient    : DiscoveryClient_RESERVATION-SERVICE/AKHIL:reservation-service:8085 - registration failed Cannot execute request on any known server

com.netflix.discovery.shared.transport.TransportException: Cannot execute request on any known server
	at com.netflix.discovery.shared.transport.decorator.RetryableEurekaHttpClient.execute(RetryableEurekaHttpClient.java:112) ~[eureka-client-2.0.6.jar:2.0.6]
	at com.netflix.discovery.shared.transport.decorator.EurekaHttpClientDecorator.register(EurekaHttpClientDecorator.java:56) ~[eureka-client-2.0.6.jar:2.0.6]
	at com.netflix.discovery.shared.transport.decorator.EurekaHttpClientDecorator$1.execute(EurekaHttpClientDecorator.java:59) ~[eureka-client-2.0.6.jar:2.0.6]
	at com.netflix.discovery.shared.transport.decorator.SessionedEurekaHttpClient.execute(SessionedEurekaHttpClient.java:76) ~[eureka-client-2.0.6.jar:2.0.6]
	at com.netflix.discovery.shared.transport.decorator.EurekaHttpClientDecorator.register(EurekaHttpClientDecorator.java:56) ~[eureka-client-2.0.6.jar:2.0.6]
	at com.netflix.discovery.DiscoveryClient.register(DiscoveryClient.java:843) ~[eureka-client-2.0.6.jar:2.0.6]
	at com.netflix.discovery.InstanceInfoReplicator.run(InstanceInfoReplicator.java:125) ~[eureka-client-2.0.6.jar:2.0.6]
	at java.base/java.util.concurrent.Executors$RunnableAdapter.call(Executors.java:572) ~[na:na]
	at java.base/java.util.concurrent.FutureTask.run(FutureTask.java:317) ~[na:na]
	at java.base/java.util.concurrent.ScheduledThreadPoolExecutor$ScheduledFutureTask.run(ScheduledThreadPoolExecutor.java:304) ~[na:na]
	at java.base/java.util.concurrent.ThreadPoolExecutor.runWorker(ThreadPoolExecutor.java:1144) ~[na:na]
	at java.base/java.util.concurrent.ThreadPoolExecutor$Worker.run(ThreadPoolExecutor.java:642) ~[na:na]
	at java.base/java.lang.Thread.run(Thread.java:1570) ~[na:na]

2026-09-14T13:56:38.917+05:30  WARN 27636 --- [reservation-service] [DiscoveryClient-InstanceInfoReplicator-%d] c.n.discovery.InstanceInfoReplicator     : There was a problem with the instance info replicator

com.netflix.discovery.shared.transport.TransportException: Cannot execute request on any known server
	at com.netflix.discovery.shared.transport.decorator.RetryableEurekaHttpClient.execute(RetryableEurekaHttpClient.java:112) ~[eureka-client-2.0.6.jar:2.0.6]
	at com.netflix.discovery.shared.transport.decorator.EurekaHttpClientDecorator.register(EurekaHttpClientDecorator.java:56) ~[eureka-client-2.0.6.jar:2.0.6]
	at com.netflix.discovery.shared.transport.decorator.EurekaHttpClientDecorator$1.execute(EurekaHttpClientDecorator.java:59) ~[eureka-client-2.0.6.jar:2.0.6]
	at com.netflix.discovery.shared.transport.decorator.SessionedEurekaHttpClient.execute(SessionedEurekaHttpClient.java:76) ~[eureka-client-2.0.6.jar:2.0.6]
	at com.netflix.discovery.shared.transport.decorator.EurekaHttpClientDecorator.register(EurekaHttpClientDecorator.java:56) ~[eureka-client-2.0.6.jar:2.0.6]
	at com.netflix.discovery.DiscoveryClient.register(DiscoveryClient.java:843) ~[eureka-client-2.0.6.jar:2.0.6]
	at com.netflix.discovery.InstanceInfoReplicator.run(InstanceInfoReplicator.java:125) ~[eureka-client-2.0.6.jar:2.0.6]
	at java.base/java.util.concurrent.Executors$RunnableAdapter.call(Executors.java:572) ~[na:na]
	at java.base/java.util.concurrent.FutureTask.run(FutureTask.java:317) ~[na:na]
	at java.base/java.util.concurrent.ScheduledThreadPoolExecutor$ScheduledFutureTask.run(ScheduledThreadPoolExecutor.java:304) ~[na:na]
	at java.base/java.util.concurrent.ThreadPoolExecutor.runWorker(ThreadPoolExecutor.java:1144) ~[na:na]
	at java.base/java.util.concurrent.ThreadPoolExecutor$Worker.run(ThreadPoolExecutor.java:642) ~[na:na]
	at java.base/java.lang.Thread.run(Thread.java:1570) ~[na:na]

2026-09-14T13:57:08.804+05:30  INFO 27636 --- [reservation-service] [DiscoveryClient-CacheRefreshExecutor-%d] com.netflix.discovery.DiscoveryClient    : Disable delta property : false
2026-09-14T13:57:08.805+05:30  INFO 27636 --- [reservation-service] [DiscoveryClient-CacheRefreshExecutor-%d] com.netflix.discovery.DiscoveryClient    : Single vip registry refresh property : null
2026-09-14T13:57:08.805+05:30  INFO 27636 --- [reservation-service] [DiscoveryClient-CacheRefreshExecutor-%d] com.netflix.discovery.DiscoveryClient    : Force full registry fetch : false
2026-09-14T13:57:08.805+05:30  INFO 27636 --- [reservation-service] [DiscoveryClient-CacheRefreshExecutor-%d] com.netflix.discovery.DiscoveryClient    : Application is null : false
2026-09-14T13:57:08.805+05:30  INFO 27636 --- [reservation-service] [DiscoveryClient-CacheRefreshExecutor-%d] com.netflix.discovery.DiscoveryClient    : Registered Applications size is zero : true
2026-09-14T13:57:08.805+05:30  INFO 27636 --- [reservation-service] [DiscoveryClient-CacheRefreshExecutor-%d] com.netflix.discovery.DiscoveryClient    : Application version is -1: true
2026-09-14T13:57:08.805+05:30  INFO 27636 --- [reservation-service] [DiscoveryClient-CacheRefreshExecutor-%d] com.netflix.discovery.DiscoveryClient    : Getting all instance registry info from the eureka server
2026-09-14T13:57:08.930+05:30  INFO 27636 --- [reservation-service] [DiscoveryClient-InstanceInfoReplicator-%d] com.netflix.discovery.DiscoveryClient    : DiscoveryClient_RESERVATION-SERVICE/AKHIL:reservation-service:8085: registering service...
2026-09-14T13:57:08.989+05:30  INFO 27636 --- [reservation-service] [DiscoveryClient-HeartbeatExecutor-%d] com.netflix.discovery.DiscoveryClient    : DiscoveryClient_RESERVATION-SERVICE/AKHIL:reservation-service:8085 - Re-registering apps/RESERVATION-SERVICE
2026-09-14T13:57:08.991+05:30  INFO 27636 --- [reservation-service] [DiscoveryClient-HeartbeatExecutor-%d] com.netflix.discovery.DiscoveryClient    : DiscoveryClient_RESERVATION-SERVICE/AKHIL:reservation-service:8085: registering service...
2026-09-14T13:57:09.062+05:30  INFO 27636 --- [reservation-service] [DiscoveryClient-CacheRefreshExecutor-%d] com.netflix.discovery.DiscoveryClient    : The response status is 200
2026-09-14T13:57:09.088+05:30  INFO 27636 --- [reservation-service] [DiscoveryClient-InstanceInfoReplicator-%d] com.netflix.discovery.DiscoveryClient    : DiscoveryClient_RESERVATION-SERVICE/AKHIL:reservation-service:8085 - registration status: 204
2026-09-14T13:57:09.144+05:30  INFO 27636 --- [reservation-service] [DiscoveryClient-HeartbeatExecutor-%d] com.netflix.discovery.DiscoveryClient    : DiscoveryClient_RESERVATION-SERVICE/AKHIL:reservation-service:8085 - registration status: 204
2026-09-14T13:57:39.074+05:30  INFO 27636 --- [reservation-service] [DiscoveryClient-CacheRefreshExecutor-%d] com.netflix.discovery.DiscoveryClient    : Disable delta property : false
2026-09-14T13:57:39.075+05:30  INFO 27636 --- [reservation-service] [DiscoveryClient-CacheRefreshExecutor-%d] com.netflix.discovery.DiscoveryClient    : Single vip registry refresh property : null
2026-09-14T13:57:39.075+05:30  INFO 27636 --- [reservation-service] [DiscoveryClient-CacheRefreshExecutor-%d] com.netflix.discovery.DiscoveryClient    : Force full registry fetch : false
2026-09-14T13:57:39.075+05:30  INFO 27636 --- [reservation-service] [DiscoveryClient-CacheRefreshExecutor-%d] com.netflix.discovery.DiscoveryClient    : Application is null : false
2026-09-14T13:57:39.075+05:30  INFO 27636 --- [reservation-service] [DiscoveryClient-CacheRefreshExecutor-%d] com.netflix.discovery.DiscoveryClient    : Registered Applications size is zero : true
2026-09-14T13:57:39.075+05:30  INFO 27636 --- [reservation-service] [DiscoveryClient-CacheRefreshExecutor-%d] com.netflix.discovery.DiscoveryClient    : Application version is -1: false
2026-09-14T13:57:39.075+05:30  INFO 27636 --- [reservation-service] [DiscoveryClient-CacheRefreshExecutor-%d] com.netflix.discovery.DiscoveryClient    : Getting all instance registry info from the eureka server
2026-09-14T13:57:39.251+05:30  INFO 27636 --- [reservation-service] [DiscoveryClient-CacheRefreshExecutor-%d] com.netflix.discovery.DiscoveryClient    : The response status is 200
2026-09-14T13:57:56.797+05:30  INFO 27636 --- [reservation-service] [http-nio-8085-exec-1] o.springdoc.api.AbstractOpenApiResource  : Init duration for springdoc-openapi is: 442 ms
2026-09-14T13:58:49.840+05:30  INFO 27636 --- [reservation-service] [SpringApplicationShutdownHook] o.s.c.n.e.s.EurekaServiceRegistry        : Unregistering application RESERVATION-SERVICE with eureka with status DOWN
2026-09-14T13:58:49.841+05:30  INFO 27636 --- [reservation-service] [SpringApplicationShutdownHook] com.netflix.discovery.DiscoveryClient    : Saw local status change event StatusChangeEvent [timestamp=1789374529841, current=DOWN, previous=UP]
2026-09-14T13:58:49.841+05:30  INFO 27636 --- [reservation-service] [DiscoveryClient-InstanceInfoReplicator-%d] com.netflix.discovery.DiscoveryClient    : DiscoveryClient_RESERVATION-SERVICE/AKHIL:reservation-service:8085: registering service...
2026-09-14T13:58:49.847+05:30  INFO 27636 --- [reservation-service] [SpringApplicationShutdownHook] o.s.boot.tomcat.GracefulShutdown         : Commencing graceful shutdown. Waiting for active requests to complete
2026-09-14T13:58:49.846+05:30  INFO 27636 --- [reservation-service] [DiscoveryClient-InstanceInfoReplicator-%d] c.n.d.s.t.d.RedirectingEurekaHttpClient  : Request execution error. endpoint=DefaultEndpoint{ serviceUrl='http://eureka_admin:eureka_password_123@localhost:8761/eureka/} exception=I/O error on POST request for "http://localhost:8761/eureka/apps/RESERVATION-SERVICE": Connect to http://localhost:8761 failed: Connection refused: getsockopt

org.springframework.web.client.ResourceAccessException: I/O error on POST request for "http://localhost:8761/eureka/apps/RESERVATION-SERVICE": Connect to http://localhost:8761 failed: Connection refused: getsockopt
	at org.springframework.web.client.DefaultRestClient$DefaultRequestBodyUriSpec.createResourceAccessException(DefaultRestClient.java:779) ~[spring-web-7.0.9.jar:7.0.9]
	at org.springframework.web.client.DefaultRestClient$DefaultRequestBodyUriSpec.exchangeInternal(DefaultRestClient.java:624) ~[spring-web-7.0.9.jar:7.0.9]
	at org.springframework.web.client.DefaultRestClient$DefaultRequestBodyUriSpec.exchange(DefaultRestClient.java:572) ~[spring-web-7.0.9.jar:7.0.9]
	at org.springframework.web.client.RestClient$RequestHeadersSpec.exchange(RestClient.java:747) ~[spring-web-7.0.9.jar:7.0.9]
	at org.springframework.web.client.DefaultRestClient$DefaultResponseSpec.executeAndExtract(DefaultRestClient.java:924) ~[spring-web-7.0.9.jar:7.0.9]
	at org.springframework.web.client.DefaultRestClient$DefaultResponseSpec.toBodilessEntity(DefaultRestClient.java:888) ~[spring-web-7.0.9.jar:7.0.9]
	at org.springframework.cloud.netflix.eureka.http.RestClientEurekaHttpClient.register(RestClientEurekaHttpClient.java:64) ~[spring-cloud-netflix-eureka-client-5.0.2.jar:5.0.2]
	at com.netflix.discovery.shared.transport.decorator.EurekaHttpClientDecorator$1.execute(EurekaHttpClientDecorator.java:59) ~[eureka-client-2.0.6.jar:2.0.6]
	at com.netflix.discovery.shared.transport.decorator.RedirectingEurekaHttpClient.execute(RedirectingEurekaHttpClient.java:90) ~[eureka-client-2.0.6.jar:2.0.6]
	at com.netflix.discovery.shared.transport.decorator.EurekaHttpClientDecorator.register(EurekaHttpClientDecorator.java:56) ~[eureka-client-2.0.6.jar:2.0.6]
	at com.netflix.discovery.shared.transport.decorator.EurekaHttpClientDecorator$1.execute(EurekaHttpClientDecorator.java:59) ~[eureka-client-2.0.6.jar:2.0.6]
	at com.netflix.discovery.shared.transport.decorator.RetryableEurekaHttpClient.execute(RetryableEurekaHttpClient.java:120) ~[eureka-client-2.0.6.jar:2.0.6]
	at com.netflix.discovery.shared.transport.decorator.EurekaHttpClientDecorator.register(EurekaHttpClientDecorator.java:56) ~[eureka-client-2.0.6.jar:2.0.6]
	at com.netflix.discovery.shared.transport.decorator.EurekaHttpClientDecorator$1.execute(EurekaHttpClientDecorator.java:59) ~[eureka-client-2.0.6.jar:2.0.6]
	at com.netflix.discovery.shared.transport.decorator.SessionedEurekaHttpClient.execute(SessionedEurekaHttpClient.java:76) ~[eureka-client-2.0.6.jar:2.0.6]
	at com.netflix.discovery.shared.transport.decorator.EurekaHttpClientDecorator.register(EurekaHttpClientDecorator.java:56) ~[eureka-client-2.0.6.jar:2.0.6]
	at com.netflix.discovery.DiscoveryClient.register(DiscoveryClient.java:843) ~[eureka-client-2.0.6.jar:2.0.6]
	at com.netflix.discovery.InstanceInfoReplicator.run(InstanceInfoReplicator.java:125) ~[eureka-client-2.0.6.jar:2.0.6]
	at com.netflix.discovery.InstanceInfoReplicator$2.run(InstanceInfoReplicator.java:105) ~[eureka-client-2.0.6.jar:2.0.6]
	at java.base/java.util.concurrent.Executors$RunnableAdapter.call(Executors.java:572) ~[na:na]
	at java.base/java.util.concurrent.FutureTask.run(FutureTask.java:317) ~[na:na]
	at java.base/java.util.concurrent.ScheduledThreadPoolExecutor$ScheduledFutureTask.run(ScheduledThreadPoolExecutor.java:304) ~[na:na]
	at java.base/java.util.concurrent.ThreadPoolExecutor.runWorker(ThreadPoolExecutor.java:1144) ~[na:na]
	at java.base/java.util.concurrent.ThreadPoolExecutor$Worker.run(ThreadPoolExecutor.java:642) ~[na:na]
	at java.base/java.lang.Thread.run(Thread.java:1570) ~[na:na]
Caused by: org.apache.hc.client5.http.HttpHostConnectException: Connect to http://localhost:8761 failed: Connection refused: getsockopt
	at java.base/sun.nio.ch.Net.pollConnect(Native Method) ~[na:na]
	at java.base/sun.nio.ch.Net.pollConnectNow(Net.java:682) ~[na:na]
	at java.base/sun.nio.ch.NioSocketImpl.timedFinishConnect(NioSocketImpl.java:542) ~[na:na]
	at java.base/sun.nio.ch.NioSocketImpl.connect(NioSocketImpl.java:592) ~[na:na]
	at java.base/java.net.SocksSocketImpl.connect(SocksSocketImpl.java:327) ~[na:na]
	at java.base/java.net.Socket.connect(Socket.java:752) ~[na:na]
	at org.apache.hc.client5.http.impl.io.DefaultHttpClientConnectionOperator.connect(DefaultHttpClientConnectionOperator.java:219) ~[httpclient5-5.6.4.jar:5.6.4]
	at org.apache.hc.client5.http.impl.io.PoolingHttpClientConnectionManager.connect(PoolingHttpClientConnectionManager.java:547) ~[httpclient5-5.6.4.jar:5.6.4]
	at org.apache.hc.client5.http.impl.classic.InternalExecRuntime.connectEndpoint(InternalExecRuntime.java:164) ~[httpclient5-5.6.4.jar:5.6.4]
	at org.apache.hc.client5.http.impl.classic.InternalExecRuntime.connectEndpoint(InternalExecRuntime.java:174) ~[httpclient5-5.6.4.jar:5.6.4]
	at org.apache.hc.client5.http.impl.classic.ConnectExec.execute(ConnectExec.java:144) ~[httpclient5-5.6.4.jar:5.6.4]
	at org.apache.hc.client5.http.impl.classic.ExecChainElement.execute(ExecChainElement.java:51) ~[httpclient5-5.6.4.jar:5.6.4]
	at org.apache.hc.client5.http.impl.classic.ProtocolExec.execute(ProtocolExec.java:192) ~[httpclient5-5.6.4.jar:5.6.4]
	at org.apache.hc.client5.http.impl.classic.ExecChainElement.execute(ExecChainElement.java:51) ~[httpclient5-5.6.4.jar:5.6.4]
	at org.apache.hc.client5.http.impl.classic.ContentCompressionExec.execute(ContentCompressionExec.java:138) ~[httpclient5-5.6.4.jar:5.6.4]
	at org.apache.hc.client5.http.impl.classic.ExecChainElement.execute(ExecChainElement.java:51) ~[httpclient5-5.6.4.jar:5.6.4]
	at org.apache.hc.client5.http.impl.classic.HttpRequestRetryExec.execute(HttpRequestRetryExec.java:112) ~[httpclient5-5.6.4.jar:5.6.4]
	at org.apache.hc.client5.http.impl.classic.ExecChainElement.execute(ExecChainElement.java:51) ~[httpclient5-5.6.4.jar:5.6.4]
	at org.apache.hc.client5.http.impl.classic.RedirectExec.execute(RedirectExec.java:110) ~[httpclient5-5.6.4.jar:5.6.4]
	at org.apache.hc.client5.http.impl.classic.ExecChainElement.execute(ExecChainElement.java:51) ~[httpclient5-5.6.4.jar:5.6.4]
	at org.apache.hc.client5.http.impl.classic.InternalHttpClient.doExecute(InternalHttpClient.java:186) ~[httpclient5-5.6.4.jar:5.6.4]
	at org.apache.hc.client5.http.impl.classic.CloseableHttpClient.execute(CloseableHttpClient.java:87) ~[httpclient5-5.6.4.jar:5.6.4]
	at org.apache.hc.client5.http.impl.classic.CloseableHttpClient.execute(CloseableHttpClient.java:55) ~[httpclient5-5.6.4.jar:5.6.4]
	at org.apache.hc.client5.http.classic.HttpClient.executeOpen(HttpClient.java:183) ~[httpclient5-5.6.4.jar:5.6.4]
	at org.springframework.http.client.HttpComponentsClientHttpRequest.executeInternal(HttpComponentsClientHttpRequest.java:99) ~[spring-web-7.0.9.jar:7.0.9]
	at org.springframework.http.client.AbstractStreamingClientHttpRequest.executeInternal(AbstractStreamingClientHttpRequest.java:87) ~[spring-web-7.0.9.jar:7.0.9]
	at org.springframework.http.client.AbstractClientHttpRequest.execute(AbstractClientHttpRequest.java:80) ~[spring-web-7.0.9.jar:7.0.9]
	at org.springframework.http.client.AbstractBufferingClientHttpRequest.executeWithRequestAndBody(AbstractBufferingClientHttpRequest.java:89) ~[spring-web-7.0.9.jar:7.0.9]
	at org.springframework.http.client.InterceptingClientHttpRequest$EndOfChainRequestExecution.execute(InterceptingClientHttpRequest.java:102) ~[spring-web-7.0.9.jar:7.0.9]
	at org.springframework.cloud.netflix.eureka.http.RestClientTransportClientFactory.lambda$newClient$2(RestClientTransportClientFactory.java:98) ~[spring-cloud-netflix-eureka-client-5.0.2.jar:5.0.2]
	at org.springframework.http.client.ClientHttpRequestInterceptor.lambda$andThen$1(ClientHttpRequestInterceptor.java:75) ~[spring-web-7.0.9.jar:7.0.9]
	at org.springframework.http.client.support.BasicAuthenticationInterceptor.intercept(BasicAuthenticationInterceptor.java:80) ~[spring-web-7.0.9.jar:7.0.9]
	at org.springframework.http.client.ClientHttpRequestInterceptor.lambda$andThen$0(ClientHttpRequestInterceptor.java:76) ~[spring-web-7.0.9.jar:7.0.9]
	at org.springframework.http.client.ClientHttpRequestInterceptor.lambda$apply$0(ClientHttpRequestInterceptor.java:89) ~[spring-web-7.0.9.jar:7.0.9]
	at org.springframework.http.client.InterceptingClientHttpRequest.executeInternal(InterceptingClientHttpRequest.java:73) ~[spring-web-7.0.9.jar:7.0.9]
	at org.springframework.http.client.AbstractBufferingClientHttpRequest.executeInternal(AbstractBufferingClientHttpRequest.java:50) ~[spring-web-7.0.9.jar:7.0.9]
	at org.springframework.http.client.AbstractClientHttpRequest.execute(AbstractClientHttpRequest.java:80) ~[spring-web-7.0.9.jar:7.0.9]
	at org.springframework.web.client.DefaultRestClient$DefaultRequestBodyUriSpec.exchangeInternal(DefaultRestClient.java:614) ~[spring-web-7.0.9.jar:7.0.9]
	... 23 common frames omitted

2026-09-14T13:58:49.848+05:30  WARN 27636 --- [reservation-service] [DiscoveryClient-InstanceInfoReplicator-%d] c.n.d.s.t.d.RetryableEurekaHttpClient    : Request execution failed with message: I/O error on POST request for "http://localhost:8761/eureka/apps/RESERVATION-SERVICE": Connect to http://localhost:8761 failed: Connection refused: getsockopt
2026-09-14T13:58:49.860+05:30  INFO 27636 --- [reservation-service] [tomcat-shutdown] o.s.boot.tomcat.GracefulShutdown         : Graceful shutdown complete
2026-09-14T13:58:49.863+05:30  INFO 27636 --- [reservation-service] [DiscoveryClient-InstanceInfoReplicator-%d] c.n.d.s.t.d.RedirectingEurekaHttpClient  : Request execution error. endpoint=DefaultEndpoint{ serviceUrl='http://eureka_admin:eureka_password_123@localhost:8761/eureka/}, exception=I/O error on POST request for "http://localhost:8761/eureka/apps/RESERVATION-SERVICE": Connect to http://localhost:8761 failed: Connection refused: getsockopt

org.springframework.web.client.ResourceAccessException: I/O error on POST request for "http://localhost:8761/eureka/apps/RESERVATION-SERVICE": Connect to http://localhost:8761 failed: Connection refused: getsockopt
	at org.springframework.web.client.DefaultRestClient$DefaultRequestBodyUriSpec.createResourceAccessException(DefaultRestClient.java:779) ~[spring-web-7.0.9.jar:7.0.9]
	at org.springframework.web.client.DefaultRestClient$DefaultRequestBodyUriSpec.exchangeInternal(DefaultRestClient.java:624) ~[spring-web-7.0.9.jar:7.0.9]
	at org.springframework.web.client.DefaultRestClient$DefaultRequestBodyUriSpec.exchange(DefaultRestClient.java:572) ~[spring-web-7.0.9.jar:7.0.9]
	at org.springframework.web.client.RestClient$RequestHeadersSpec.exchange(RestClient.java:747) ~[spring-web-7.0.9.jar:7.0.9]
	at org.springframework.web.client.DefaultRestClient$DefaultResponseSpec.executeAndExtract(DefaultRestClient.java:924) ~[spring-web-7.0.9.jar:7.0.9]
	at org.springframework.web.client.DefaultRestClient$DefaultResponseSpec.toBodilessEntity(DefaultRestClient.java:888) ~[spring-web-7.0.9.jar:7.0.9]
	at org.springframework.cloud.netflix.eureka.http.RestClientEurekaHttpClient.register(RestClientEurekaHttpClient.java:64) ~[spring-cloud-netflix-eureka-client-5.0.2.jar:5.0.2]
	at com.netflix.discovery.shared.transport.decorator.EurekaHttpClientDecorator$1.execute(EurekaHttpClientDecorator.java:59) ~[eureka-client-2.0.6.jar:2.0.6]
	at com.netflix.discovery.shared.transport.decorator.RedirectingEurekaHttpClient.executeOnNewServer(RedirectingEurekaHttpClient.java:120) ~[eureka-client-2.0.6.jar:2.0.6]
	at com.netflix.discovery.shared.transport.decorator.RedirectingEurekaHttpClient.execute(RedirectingEurekaHttpClient.java:79) ~[eureka-client-2.0.6.jar:2.0.6]
	at com.netflix.discovery.shared.transport.decorator.EurekaHttpClientDecorator.register(EurekaHttpClientDecorator.java:56) ~[eureka-client-2.0.6.jar:2.0.6]
	at com.netflix.discovery.shared.transport.decorator.EurekaHttpClientDecorator$1.execute(EurekaHttpClientDecorator.java:59) ~[eureka-client-2.0.6.jar:2.0.6]
	at com.netflix.discovery.shared.transport.decorator.RetryableEurekaHttpClient.execute(RetryableEurekaHttpClient.java:120) ~[eureka-client-2.0.6.jar:2.0.6]
	at com.netflix.discovery.shared.transport.decorator.EurekaHttpClientDecorator.register(EurekaHttpClientDecorator.java:56) ~[eureka-client-2.0.6.jar:2.0.6]
	at com.netflix.discovery.shared.transport.decorator.EurekaHttpClientDecorator$1.execute(EurekaHttpClientDecorator.java:59) ~[eureka-client-2.0.6.jar:2.0.6]
	at com.netflix.discovery.shared.transport.decorator.SessionedEurekaHttpClient.execute(SessionedEurekaHttpClient.java:76) ~[eureka-client-2.0.6.jar:2.0.6]
	at com.netflix.discovery.shared.transport.decorator.EurekaHttpClientDecorator.register(EurekaHttpClientDecorator.java:56) ~[eureka-client-2.0.6.jar:2.0.6]
	at com.netflix.discovery.DiscoveryClient.register(DiscoveryClient.java:843) ~[eureka-client-2.0.6.jar:2.0.6]
	at com.netflix.discovery.InstanceInfoReplicator.run(InstanceInfoReplicator.java:125) ~[eureka-client-2.0.6.jar:2.0.6]
	at com.netflix.discovery.InstanceInfoReplicator$2.run(InstanceInfoReplicator.java:105) ~[eureka-client-2.0.6.jar:2.0.6]
	at java.base/java.util.concurrent.Executors$RunnableAdapter.call(Executors.java:572) ~[na:na]
	at java.base/java.util.concurrent.FutureTask.run(FutureTask.java:317) ~[na:na]
	at java.base/java.util.concurrent.ScheduledThreadPoolExecutor$ScheduledFutureTask.run(ScheduledThreadPoolExecutor.java:304) ~[na:na]
	at java.base/java.util.concurrent.ThreadPoolExecutor.runWorker(ThreadPoolExecutor.java:1144) ~[na:na]
	at java.base/java.util.concurrent.ThreadPoolExecutor$Worker.run(ThreadPoolExecutor.java:642) ~[na:na]
	at java.base/java.lang.Thread.run(Thread.java:1570) ~[na:na]
Caused by: org.apache.hc.client5.http.HttpHostConnectException: Connect to http://localhost:8761 failed: Connection refused: getsockopt
	at java.base/sun.nio.ch.Net.pollConnect(Native Method) ~[na:na]
	at java.base/sun.nio.ch.Net.pollConnectNow(Net.java:682) ~[na:na]
	at java.base/sun.nio.ch.NioSocketImpl.timedFinishConnect(NioSocketImpl.java:542) ~[na:na]
	at java.base/sun.nio.ch.NioSocketImpl.connect(NioSocketImpl.java:592) ~[na:na]
	at java.base/java.net.SocksSocketImpl.connect(SocksSocketImpl.java:327) ~[na:na]
	at java.base/java.net.Socket.connect(Socket.java:752) ~[na:na]
	at org.apache.hc.client5.http.impl.io.DefaultHttpClientConnectionOperator.connect(DefaultHttpClientConnectionOperator.java:219) ~[httpclient5-5.6.4.jar:5.6.4]
	at org.apache.hc.client5.http.impl.io.PoolingHttpClientConnectionManager.connect(PoolingHttpClientConnectionManager.java:547) ~[httpclient5-5.6.4.jar:5.6.4]
	at org.apache.hc.client5.http.impl.classic.InternalExecRuntime.connectEndpoint(InternalExecRuntime.java:164) ~[httpclient5-5.6.4.jar:5.6.4]
	at org.apache.hc.client5.http.impl.classic.InternalExecRuntime.connectEndpoint(InternalExecRuntime.java:174) ~[httpclient5-5.6.4.jar:5.6.4]
	at org.apache.hc.client5.http.impl.classic.ConnectExec.execute(ConnectExec.java:144) ~[httpclient5-5.6.4.jar:5.6.4]
	at org.apache.hc.client5.http.impl.classic.ExecChainElement.execute(ExecChainElement.java:51) ~[httpclient5-5.6.4.jar:5.6.4]
	at org.apache.hc.client5.http.impl.classic.ProtocolExec.execute(ProtocolExec.java:192) ~[httpclient5-5.6.4.jar:5.6.4]
	at org.apache.hc.client5.http.impl.classic.ExecChainElement.execute(ExecChainElement.java:51) ~[httpclient5-5.6.4.jar:5.6.4]
	at org.apache.hc.client5.http.impl.classic.ContentCompressionExec.execute(ContentCompressionExec.java:138) ~[httpclient5-5.6.4.jar:5.6.4]
	at org.apache.hc.client5.http.impl.classic.ExecChainElement.execute(ExecChainElement.java:51) ~[httpclient5-5.6.4.jar:5.6.4]
	at org.apache.hc.client5.http.impl.classic.HttpRequestRetryExec.execute(HttpRequestRetryExec.java:112) ~[httpclient5-5.6.4.jar:5.6.4]
	at org.apache.hc.client5.http.impl.classic.ExecChainElement.execute(ExecChainElement.java:51) ~[httpclient5-5.6.4.jar:5.6.4]
	at org.apache.hc.client5.http.impl.classic.RedirectExec.execute(RedirectExec.java:110) ~[httpclient5-5.6.4.jar:5.6.4]
	at org.apache.hc.client5.http.impl.classic.ExecChainElement.execute(ExecChainElement.java:51) ~[httpclient5-5.6.4.jar:5.6.4]
	at org.apache.hc.client5.http.impl.classic.InternalHttpClient.doExecute(InternalHttpClient.java:186) ~[httpclient5-5.6.4.jar:5.6.4]
	at org.apache.hc.client5.http.impl.classic.CloseableHttpClient.execute(CloseableHttpClient.java:87) ~[httpclient5-5.6.4.jar:5.6.4]
	at org.apache.hc.client5.http.impl.classic.CloseableHttpClient.execute(CloseableHttpClient.java:55) ~[httpclient5-5.6.4.jar:5.6.4]
	at org.apache.hc.client5.http.classic.HttpClient.executeOpen(HttpClient.java:183) ~[httpclient5-5.6.4.jar:5.6.4]
	at org.springframework.http.client.HttpComponentsClientHttpRequest.executeInternal(HttpComponentsClientHttpRequest.java:99) ~[spring-web-7.0.9.jar:7.0.9]
	at org.springframework.http.client.AbstractStreamingClientHttpRequest.executeInternal(AbstractStreamingClientHttpRequest.java:87) ~[spring-web-7.0.9.jar:7.0.9]
	at org.springframework.http.client.AbstractClientHttpRequest.execute(AbstractClientHttpRequest.java:80) ~[spring-web-7.0.9.jar:7.0.9]
	at org.springframework.http.client.AbstractBufferingClientHttpRequest.executeWithRequestAndBody(AbstractBufferingClientHttpRequest.java:89) ~[spring-web-7.0.9.jar:7.0.9]
	at org.springframework.http.client.InterceptingClientHttpRequest$EndOfChainRequestExecution.execute(InterceptingClientHttpRequest.java:102) ~[spring-web-7.0.9.jar:7.0.9]
	at org.springframework.cloud.netflix.eureka.http.RestClientTransportClientFactory.lambda$newClient$2(RestClientTransportClientFactory.java:98) ~[spring-cloud-netflix-eureka-client-5.0.2.jar:5.0.2]
	at org.springframework.http.client.ClientHttpRequestInterceptor.lambda$andThen$1(ClientHttpRequestInterceptor.java:75) ~[spring-web-7.0.9.jar:7.0.9]
	at org.springframework.http.client.support.BasicAuthenticationInterceptor.intercept(BasicAuthenticationInterceptor.java:80) ~[spring-web-7.0.9.jar:7.0.9]
	at org.springframework.http.client.ClientHttpRequestInterceptor.lambda$andThen$0(ClientHttpRequestInterceptor.java:76) ~[spring-web-7.0.9.jar:7.0.9]
	at org.springframework.http.client.ClientHttpRequestInterceptor.lambda$apply$0(ClientHttpRequestInterceptor.java:89) ~[spring-web-7.0.9.jar:7.0.9]
	at org.springframework.http.client.InterceptingClientHttpRequest.executeInternal(InterceptingClientHttpRequest.java:73) ~[spring-web-7.0.9.jar:7.0.9]
	at org.springframework.http.client.AbstractBufferingClientHttpRequest.executeInternal(AbstractBufferingClientHttpRequest.java:50) ~[spring-web-7.0.9.jar:7.0.9]
	at org.springframework.http.client.AbstractClientHttpRequest.execute(AbstractClientHttpRequest.java:80) ~[spring-web-7.0.9.jar:7.0.9]
	at org.springframework.web.client.DefaultRestClient$DefaultRequestBodyUriSpec.exchangeInternal(DefaultRestClient.java:614) ~[spring-web-7.0.9.jar:7.0.9]
	... 24 common frames omitted

2026-09-14T13:58:49.864+05:30  WARN 27636 --- [reservation-service] [DiscoveryClient-InstanceInfoReplicator-%d] c.n.d.s.t.d.RetryableEurekaHttpClient    : Request execution failed with message: I/O error on POST request for "http://localhost:8761/eureka/apps/RESERVATION-SERVICE": Connect to http://localhost:8761 failed: Connection refused: getsockopt
2026-09-14T13:58:49.864+05:30  WARN 27636 --- [reservation-service] [DiscoveryClient-InstanceInfoReplicator-%d] com.netflix.discovery.DiscoveryClient    : DiscoveryClient_RESERVATION-SERVICE/AKHIL:reservation-service:8085 - registration failed Cannot execute request on any known server

com.netflix.discovery.shared.transport.TransportException: Cannot execute request on any known server
	at com.netflix.discovery.shared.transport.decorator.RetryableEurekaHttpClient.execute(RetryableEurekaHttpClient.java:112) ~[eureka-client-2.0.6.jar:2.0.6]
	at com.netflix.discovery.shared.transport.decorator.EurekaHttpClientDecorator.register(EurekaHttpClientDecorator.java:56) ~[eureka-client-2.0.6.jar:2.0.6]
	at com.netflix.discovery.shared.transport.decorator.EurekaHttpClientDecorator$1.execute(EurekaHttpClientDecorator.java:59) ~[eureka-client-2.0.6.jar:2.0.6]
	at com.netflix.discovery.shared.transport.decorator.SessionedEurekaHttpClient.execute(SessionedEurekaHttpClient.java:76) ~[eureka-client-2.0.6.jar:2.0.6]
	at com.netflix.discovery.shared.transport.decorator.EurekaHttpClientDecorator.register(EurekaHttpClientDecorator.java:56) ~[eureka-client-2.0.6.jar:2.0.6]
	at com.netflix.discovery.DiscoveryClient.register(DiscoveryClient.java:843) ~[eureka-client-2.0.6.jar:2.0.6]
	at com.netflix.discovery.InstanceInfoReplicator.run(InstanceInfoReplicator.java:125) ~[eureka-client-2.0.6.jar:2.0.6]
	at com.netflix.discovery.InstanceInfoReplicator$2.run(InstanceInfoReplicator.java:105) ~[eureka-client-2.0.6.jar:2.0.6]
	at java.base/java.util.concurrent.Executors$RunnableAdapter.call(Executors.java:572) ~[na:na]
	at java.base/java.util.concurrent.FutureTask.run(FutureTask.java:317) ~[na:na]
	at java.base/java.util.concurrent.ScheduledThreadPoolExecutor$ScheduledFutureTask.run(ScheduledThreadPoolExecutor.java:304) ~[na:na]
	at java.base/java.util.concurrent.ThreadPoolExecutor.runWorker(ThreadPoolExecutor.java:1144) ~[na:na]
	at java.base/java.util.concurrent.ThreadPoolExecutor$Worker.run(ThreadPoolExecutor.java:642) ~[na:na]
	at java.base/java.lang.Thread.run(Thread.java:1570) ~[na:na]

2026-09-14T13:58:49.865+05:30  WARN 27636 --- [reservation-service] [DiscoveryClient-InstanceInfoReplicator-%d] c.n.discovery.InstanceInfoReplicator     : There was a problem with the instance info replicator

com.netflix.discovery.shared.transport.TransportException: Cannot execute request on any known server
	at com.netflix.discovery.shared.transport.decorator.RetryableEurekaHttpClient.execute(RetryableEurekaHttpClient.java:112) ~[eureka-client-2.0.6.jar:2.0.6]
	at com.netflix.discovery.shared.transport.decorator.EurekaHttpClientDecorator.register(EurekaHttpClientDecorator.java:56) ~[eureka-client-2.0.6.jar:2.0.6]
	at com.netflix.discovery.shared.transport.decorator.EurekaHttpClientDecorator$1.execute(EurekaHttpClientDecorator.java:59) ~[eureka-client-2.0.6.jar:2.0.6]
	at com.netflix.discovery.shared.transport.decorator.SessionedEurekaHttpClient.execute(SessionedEurekaHttpClient.java:76) ~[eureka-client-2.0.6.jar:2.0.6]
	at com.netflix.discovery.shared.transport.decorator.EurekaHttpClientDecorator.register(EurekaHttpClientDecorator.java:56) ~[eureka-client-2.0.6.jar:2.0.6]
	at com.netflix.discovery.DiscoveryClient.register(DiscoveryClient.java:843) ~[eureka-client-2.0.6.jar:2.0.6]
	at com.netflix.discovery.InstanceInfoReplicator.run(InstanceInfoReplicator.java:125) ~[eureka-client-2.0.6.jar:2.0.6]
	at com.netflix.discovery.InstanceInfoReplicator$2.run(InstanceInfoReplicator.java:105) ~[eureka-client-2.0.6.jar:2.0.6]
	at java.base/java.util.concurrent.Executors$RunnableAdapter.call(Executors.java:572) ~[na:na]
	at java.base/java.util.concurrent.FutureTask.run(FutureTask.java:317) ~[na:na]
	at java.base/java.util.concurrent.ScheduledThreadPoolExecutor$ScheduledFutureTask.run(ScheduledThreadPoolExecutor.java:304) ~[na:na]
	at java.base/java.util.concurrent.ThreadPoolExecutor.runWorker(ThreadPoolExecutor.java:1144) ~[na:na]
	at java.base/java.util.concurrent.ThreadPoolExecutor$Worker.run(ThreadPoolExecutor.java:642) ~[na:na]
	at java.base/java.lang.Thread.run(Thread.java:1570) ~[na:na]

2026-09-14T13:58:49.921+05:30  INFO 27636 --- [reservation-service] [SpringApplicationShutdownHook] j.LocalContainerEntityManagerFactoryBean : Closing JPA EntityManagerFactory for persistence unit 'default'
2026-09-14T13:58:49.924+05:30  INFO 27636 --- [reservation-service] [SpringApplicationShutdownHook] com.zaxxer.hikari.HikariDataSource       : HikariPool-1 - Shutdown initiated...
2026-09-14T13:58:49.932+05:30  INFO 27636 --- [reservation-service] [SpringApplicationShutdownHook] com.zaxxer.hikari.HikariDataSource       : HikariPool-1 - Shutdown completed.
2026-09-14T13:58:49.934+05:30  INFO 27636 --- [reservation-service] [SpringApplicationShutdownHook] com.netflix.discovery.DiscoveryClient    : Shutting down DiscoveryClient ...
2026-09-14T13:58:52.938+05:30  INFO 27636 --- [reservation-service] [SpringApplicationShutdownHook] com.netflix.discovery.DiscoveryClient    : Unregistering ...
2026-09-14T13:58:52.951+05:30  INFO 27636 --- [reservation-service] [SpringApplicationShutdownHook] c.n.d.s.t.d.RedirectingEurekaHttpClient  : Request execution error. endpoint=DefaultEndpoint{ serviceUrl='http://eureka_admin:eureka_password_123@localhost:8761/eureka/}, exception=I/O error on DELETE request for "http://localhost:8761/eureka/apps/RESERVATION-SERVICE/AKHIL:reservation-service:8085": Connect to http://localhost:8761 failed: Connection refused: getsockopt

org.springframework.web.client.ResourceAccessException: I/O error on DELETE request for "http://localhost:8761/eureka/apps/RESERVATION-SERVICE/AKHIL:reservation-service:8085": Connect to http://localhost:8761 failed: Connection refused: getsockopt
	at org.springframework.web.client.DefaultRestClient$DefaultRequestBodyUriSpec.createResourceAccessException(DefaultRestClient.java:779) ~[spring-web-7.0.9.jar:7.0.9]
	at org.springframework.web.client.DefaultRestClient$DefaultRequestBodyUriSpec.exchangeInternal(DefaultRestClient.java:624) ~[spring-web-7.0.9.jar:7.0.9]
	at org.springframework.web.client.DefaultRestClient$DefaultRequestBodyUriSpec.exchange(DefaultRestClient.java:572) ~[spring-web-7.0.9.jar:7.0.9]
	at org.springframework.web.client.RestClient$RequestHeadersSpec.exchange(RestClient.java:747) ~[spring-web-7.0.9.jar:7.0.9]
	at org.springframework.web.client.DefaultRestClient$DefaultResponseSpec.executeAndExtract(DefaultRestClient.java:924) ~[spring-web-7.0.9.jar:7.0.9]
	at org.springframework.web.client.DefaultRestClient$DefaultResponseSpec.toBodilessEntity(DefaultRestClient.java:888) ~[spring-web-7.0.9.jar:7.0.9]
	at org.springframework.cloud.netflix.eureka.http.RestClientEurekaHttpClient.cancel(RestClientEurekaHttpClient.java:73) ~[spring-cloud-netflix-eureka-client-5.0.2.jar:5.0.2]
	at com.netflix.discovery.shared.transport.decorator.EurekaHttpClientDecorator$2.execute(EurekaHttpClientDecorator.java:74) ~[eureka-client-2.0.6.jar:2.0.6]
	at com.netflix.discovery.shared.transport.decorator.RedirectingEurekaHttpClient.executeOnNewServer(RedirectingEurekaHttpClient.java:120) ~[eureka-client-2.0.6.jar:2.0.6]
	at com.netflix.discovery.shared.transport.decorator.RedirectingEurekaHttpClient.execute(RedirectingEurekaHttpClient.java:79) ~[eureka-client-2.0.6.jar:2.0.6]
	at com.netflix.discovery.shared.transport.decorator.EurekaHttpClientDecorator.cancel(EurekaHttpClientDecorator.java:71) ~[eureka-client-2.0.6.jar:2.0.6]
	at com.netflix.discovery.shared.transport.decorator.EurekaHttpClientDecorator$2.execute(EurekaHttpClientDecorator.java:74) ~[eureka-client-2.0.6.jar:2.0.6]
	at com.netflix.discovery.shared.transport.decorator.RetryableEurekaHttpClient.execute(RetryableEurekaHttpClient.java:120) ~[eureka-client-2.0.6.jar:2.0.6]
	at com.netflix.discovery.shared.transport.decorator.EurekaHttpClientDecorator.cancel(EurekaHttpClientDecorator.java:71) ~[eureka-client-2.0.6.jar:2.0.6]
	at com.netflix.discovery.shared.transport.decorator.EurekaHttpClientDecorator$2.execute(EurekaHttpClientDecorator.java:74) ~[eureka-client-2.0.6.jar:2.0.6]
	at com.netflix.discovery.shared.transport.decorator.SessionedEurekaHttpClient.execute(SessionedEurekaHttpClient.java:76) ~[eureka-client-2.0.6.jar:2.0.6]
	at com.netflix.discovery.shared.transport.decorator.EurekaHttpClientDecorator.cancel(EurekaHttpClientDecorator.java:71) ~[eureka-client-2.0.6.jar:2.0.6]
	at com.netflix.discovery.DiscoveryClient.unregister(DiscoveryClient.java:934) ~[eureka-client-2.0.6.jar:2.0.6]
	at com.netflix.discovery.DiscoveryClient.shutdown(DiscoveryClient.java:915) ~[eureka-client-2.0.6.jar:2.0.6]
	at java.base/jdk.internal.reflect.DirectMethodHandleAccessor.invoke(DirectMethodHandleAccessor.java:103) ~[na:na]
	at java.base/java.lang.reflect.Method.invoke(Method.java:580) ~[na:na]
	at org.springframework.beans.factory.annotation.InitDestroyAnnotationBeanPostProcessor$LifecycleMethod.invoke(InitDestroyAnnotationBeanPostProcessor.java:453) ~[spring-beans-7.0.9.jar:7.0.9]
	at org.springframework.beans.factory.annotation.InitDestroyAnnotationBeanPostProcessor$LifecycleMetadata.invokeDestroyMethods(InitDestroyAnnotationBeanPostProcessor.java:411) ~[spring-beans-7.0.9.jar:7.0.9]
	at org.springframework.beans.factory.annotation.InitDestroyAnnotationBeanPostProcessor.postProcessBeforeDestruction(InitDestroyAnnotationBeanPostProcessor.java:237) ~[spring-beans-7.0.9.jar:7.0.9]
	at org.springframework.beans.factory.support.DisposableBeanAdapter.destroy(DisposableBeanAdapter.java:200) ~[spring-beans-7.0.9.jar:7.0.9]
	at org.springframework.beans.factory.support.DisposableBeanAdapter.run(DisposableBeanAdapter.java:193) ~[spring-beans-7.0.9.jar:7.0.9]
	at org.springframework.cloud.context.scope.GenericScope$BeanLifecycleWrapper.destroy(GenericScope.java:387) ~[spring-cloud-context-5.0.3.jar:5.0.3]
	at org.springframework.cloud.context.scope.GenericScope.destroy(GenericScope.java:134) ~[spring-cloud-context-5.0.3.jar:5.0.3]
	at org.springframework.beans.factory.support.DisposableBeanAdapter.destroy(DisposableBeanAdapter.java:209) ~[spring-beans-7.0.9.jar:7.0.9]
	at org.springframework.beans.factory.support.DefaultSingletonBeanRegistry.destroyBean(DefaultSingletonBeanRegistry.java:795) ~[spring-beans-7.0.9.jar:7.0.9]
	at org.springframework.beans.factory.support.DefaultSingletonBeanRegistry.destroySingleton(DefaultSingletonBeanRegistry.java:745) ~[spring-beans-7.0.9.jar:7.0.9]
	at org.springframework.beans.factory.support.DefaultListableBeanFactory.destroySingleton(DefaultListableBeanFactory.java:1507) ~[spring-beans-7.0.9.jar:7.0.9]
	at org.springframework.beans.factory.support.DefaultSingletonBeanRegistry.destroySingletons(DefaultSingletonBeanRegistry.java:704) ~[spring-beans-7.0.9.jar:7.0.9]
	at org.springframework.beans.factory.support.DefaultListableBeanFactory.destroySingletons(DefaultListableBeanFactory.java:1500) ~[spring-beans-7.0.9.jar:7.0.9]
	at org.springframework.context.support.AbstractApplicationContext.destroyBeans(AbstractApplicationContext.java:1246) ~[spring-context-7.0.9.jar:7.0.9]
	at org.springframework.context.support.AbstractApplicationContext.doClose(AbstractApplicationContext.java:1207) ~[spring-context-7.0.9.jar:7.0.9]
	at org.springframework.boot.web.server.servlet.context.ServletWebServerApplicationContext.doClose(ServletWebServerApplicationContext.java:176) ~[spring-boot-web-server-4.1.1.jar:4.1.1]
	at org.springframework.context.support.AbstractApplicationContext.close(AbstractApplicationContext.java:1153) ~[spring-context-7.0.9.jar:7.0.9]
	at org.springframework.boot.SpringApplicationShutdownHook.closeAndWait(SpringApplicationShutdownHook.java:147) ~[spring-boot-4.1.1.jar:4.1.1]
	at java.base/java.lang.Iterable.forEach(Iterable.java:75) ~[na:na]
	at org.springframework.boot.SpringApplicationShutdownHook.run(SpringApplicationShutdownHook.java:116) ~[spring-boot-4.1.1.jar:4.1.1]
	at java.base/java.lang.Thread.run(Thread.java:1570) ~[na:na]
Caused by: org.apache.hc.client5.http.HttpHostConnectException: Connect to http://localhost:8761 failed: Connection refused: getsockopt
	at java.base/sun.nio.ch.Net.pollConnect(Native Method) ~[na:na]
	at java.base/sun.nio.ch.Net.pollConnectNow(Net.java:682) ~[na:na]
	at java.base/sun.nio.ch.NioSocketImpl.timedFinishConnect(NioSocketImpl.java:542) ~[na:na]
	at java.base/sun.nio.ch.NioSocketImpl.connect(NioSocketImpl.java:592) ~[na:na]
	at java.base/java.net.SocksSocketImpl.connect(SocksSocketImpl.java:327) ~[na:na]
	at java.base/java.net.Socket.connect(Socket.java:752) ~[na:na]
	at org.apache.hc.client5.http.impl.io.DefaultHttpClientConnectionOperator.connect(DefaultHttpClientConnectionOperator.java:219) ~[httpclient5-5.6.4.jar:5.6.4]
	at org.apache.hc.client5.http.impl.io.PoolingHttpClientConnectionManager.connect(PoolingHttpClientConnectionManager.java:547) ~[httpclient5-5.6.4.jar:5.6.4]
	at org.apache.hc.client5.http.impl.classic.InternalExecRuntime.connectEndpoint(InternalExecRuntime.java:164) ~[httpclient5-5.6.4.jar:5.6.4]
	at org.apache.hc.client5.http.impl.classic.InternalExecRuntime.connectEndpoint(InternalExecRuntime.java:174) ~[httpclient5-5.6.4.jar:5.6.4]
	at org.apache.hc.client5.http.impl.classic.ConnectExec.execute(ConnectExec.java:144) ~[httpclient5-5.6.4.jar:5.6.4]
	at org.apache.hc.client5.http.impl.classic.ExecChainElement.execute(ExecChainElement.java:51) ~[httpclient5-5.6.4.jar:5.6.4]
	at org.apache.hc.client5.http.impl.classic.ProtocolExec.execute(ProtocolExec.java:192) ~[httpclient5-5.6.4.jar:5.6.4]
	at org.apache.hc.client5.http.impl.classic.ExecChainElement.execute(ExecChainElement.java:51) ~[httpclient5-5.6.4.jar:5.6.4]
	at org.apache.hc.client5.http.impl.classic.ContentCompressionExec.execute(ContentCompressionExec.java:138) ~[httpclient5-5.6.4.jar:5.6.4]
	at org.apache.hc.client5.http.impl.classic.ExecChainElement.execute(ExecChainElement.java:51) ~[httpclient5-5.6.4.jar:5.6.4]
	at org.apache.hc.client5.http.impl.classic.HttpRequestRetryExec.execute(HttpRequestRetryExec.java:112) ~[httpclient5-5.6.4.jar:5.6.4]
	at org.apache.hc.client5.http.impl.classic.ExecChainElement.execute(ExecChainElement.java:51) ~[httpclient5-5.6.4.jar:5.6.4]
	at org.apache.hc.client5.http.impl.classic.RedirectExec.execute(RedirectExec.java:110) ~[httpclient5-5.6.4.jar:5.6.4]
	at org.apache.hc.client5.http.impl.classic.ExecChainElement.execute(ExecChainElement.java:51) ~[httpclient5-5.6.4.jar:5.6.4]
	at org.apache.hc.client5.http.impl.classic.InternalHttpClient.doExecute(InternalHttpClient.java:186) ~[httpclient5-5.6.4.jar:5.6.4]
	at org.apache.hc.client5.http.impl.classic.CloseableHttpClient.execute(CloseableHttpClient.java:87) ~[httpclient5-5.6.4.jar:5.6.4]
	at org.apache.hc.client5.http.impl.classic.CloseableHttpClient.execute(CloseableHttpClient.java:55) ~[httpclient5-5.6.4.jar:5.6.4]
	at org.apache.hc.client5.http.classic.HttpClient.executeOpen(HttpClient.java:183) ~[httpclient5-5.6.4.jar:5.6.4]
	at org.springframework.http.client.HttpComponentsClientHttpRequest.executeInternal(HttpComponentsClientHttpRequest.java:99) ~[spring-web-7.0.9.jar:7.0.9]
	at org.springframework.http.client.AbstractStreamingClientHttpRequest.executeInternal(AbstractStreamingClientHttpRequest.java:87) ~[spring-web-7.0.9.jar:7.0.9]
	at org.springframework.http.client.AbstractClientHttpRequest.execute(AbstractClientHttpRequest.java:80) ~[spring-web-7.0.9.jar:7.0.9]
	at org.springframework.http.client.AbstractBufferingClientHttpRequest.executeWithRequestAndBody(AbstractBufferingClientHttpRequest.java:89) ~[spring-web-7.0.9.jar:7.0.9]
	at org.springframework.http.client.InterceptingClientHttpRequest$EndOfChainRequestExecution.execute(InterceptingClientHttpRequest.java:102) ~[spring-web-7.0.9.jar:7.0.9]
	at org.springframework.cloud.netflix.eureka.http.RestClientTransportClientFactory.lambda$newClient$2(RestClientTransportClientFactory.java:98) ~[spring-cloud-netflix-eureka-client-5.0.2.jar:5.0.2]
	at org.springframework.http.client.ClientHttpRequestInterceptor.lambda$andThen$1(ClientHttpRequestInterceptor.java:75) ~[spring-web-7.0.9.jar:7.0.9]
	at org.springframework.http.client.support.BasicAuthenticationInterceptor.intercept(BasicAuthenticationInterceptor.java:80) ~[spring-web-7.0.9.jar:7.0.9]
	at org.springframework.http.client.ClientHttpRequestInterceptor.lambda$andThen$0(ClientHttpRequestInterceptor.java:76) ~[spring-web-7.0.9.jar:7.0.9]
	at org.springframework.http.client.ClientHttpRequestInterceptor.lambda$apply$0(ClientHttpRequestInterceptor.java:89) ~[spring-web-7.0.9.jar:7.0.9]
	at org.springframework.http.client.InterceptingClientHttpRequest.executeInternal(InterceptingClientHttpRequest.java:73) ~[spring-web-7.0.9.jar:7.0.9]
	at org.springframework.http.client.AbstractBufferingClientHttpRequest.executeInternal(AbstractBufferingClientHttpRequest.java:50) ~[spring-web-7.0.9.jar:7.0.9]
	at org.springframework.http.client.AbstractClientHttpRequest.execute(AbstractClientHttpRequest.java:80) ~[spring-web-7.0.9.jar:7.0.9]
	at org.springframework.web.client.DefaultRestClient$DefaultRequestBodyUriSpec.exchangeInternal(DefaultRestClient.java:614) ~[spring-web-7.0.9.jar:7.0.9]
	... 40 common frames omitted

2026-09-14T13:58:52.952+05:30  WARN 27636 --- [reservation-service] [SpringApplicationShutdownHook] c.n.d.s.t.d.RetryableEurekaHttpClient    : Request execution failed with message: I/O error on DELETE request for "http://localhost:8761/eureka/apps/RESERVATION-SERVICE/AKHIL:reservation-service:8085": Connect to http://localhost:8761 failed: Connection refused: getsockopt
2026-09-14T13:58:52.953+05:30 ERROR 27636 --- [reservation-service] [SpringApplicationShutdownHook] com.netflix.discovery.DiscoveryClient    : DiscoveryClient_RESERVATION-SERVICE/AKHIL:reservation-service:8085 - de-registration failedCannot execute request on any known server

com.netflix.discovery.shared.transport.TransportException: Cannot execute request on any known server
	at com.netflix.discovery.shared.transport.decorator.RetryableEurekaHttpClient.execute(RetryableEurekaHttpClient.java:112) ~[eureka-client-2.0.6.jar:2.0.6]
	at com.netflix.discovery.shared.transport.decorator.EurekaHttpClientDecorator.cancel(EurekaHttpClientDecorator.java:71) ~[eureka-client-2.0.6.jar:2.0.6]
	at com.netflix.discovery.shared.transport.decorator.EurekaHttpClientDecorator$2.execute(EurekaHttpClientDecorator.java:74) ~[eureka-client-2.0.6.jar:2.0.6]
	at com.netflix.discovery.shared.transport.decorator.SessionedEurekaHttpClient.execute(SessionedEurekaHttpClient.java:76) ~[eureka-client-2.0.6.jar:2.0.6]
	at com.netflix.discovery.shared.transport.decorator.EurekaHttpClientDecorator.cancel(EurekaHttpClientDecorator.java:71) ~[eureka-client-2.0.6.jar:2.0.6]
	at com.netflix.discovery.DiscoveryClient.unregister(DiscoveryClient.java:934) ~[eureka-client-2.0.6.jar:2.0.6]
	at com.netflix.discovery.DiscoveryClient.shutdown(DiscoveryClient.java:915) ~[eureka-client-2.0.6.jar:2.0.6]
	at java.base/jdk.internal.reflect.DirectMethodHandleAccessor.invoke(DirectMethodHandleAccessor.java:103) ~[na:na]
	at java.base/java.lang.reflect.Method.invoke(Method.java:580) ~[na:na]
	at org.springframework.beans.factory.annotation.InitDestroyAnnotationBeanPostProcessor$LifecycleMethod.invoke(InitDestroyAnnotationBeanPostProcessor.java:453) ~[spring-beans-7.0.9.jar:7.0.9]
	at org.springframework.beans.factory.annotation.InitDestroyAnnotationBeanPostProcessor$LifecycleMetadata.invokeDestroyMethods(InitDestroyAnnotationBeanPostProcessor.java:411) ~[spring-beans-7.0.9.jar:7.0.9]
	at org.springframework.beans.factory.annotation.InitDestroyAnnotationBeanPostProcessor.postProcessBeforeDestruction(InitDestroyAnnotationBeanPostProcessor.java:237) ~[spring-beans-7.0.9.jar:7.0.9]
	at org.springframework.beans.factory.support.DisposableBeanAdapter.destroy(DisposableBeanAdapter.java:200) ~[spring-beans-7.0.9.jar:7.0.9]
	at org.springframework.beans.factory.support.DisposableBeanAdapter.run(DisposableBeanAdapter.java:193) ~[spring-beans-7.0.9.jar:7.0.9]
	at org.springframework.cloud.context.scope.GenericScope$BeanLifecycleWrapper.destroy(GenericScope.java:387) ~[spring-cloud-context-5.0.3.jar:5.0.3]
	at org.springframework.cloud.context.scope.GenericScope.destroy(GenericScope.java:134) ~[spring-cloud-context-5.0.3.jar:5.0.3]
	at org.springframework.beans.factory.support.DisposableBeanAdapter.destroy(DisposableBeanAdapter.java:209) ~[spring-beans-7.0.9.jar:7.0.9]
	at org.springframework.beans.factory.support.DefaultSingletonBeanRegistry.destroyBean(DefaultSingletonBeanRegistry.java:795) ~[spring-beans-7.0.9.jar:7.0.9]
	at org.springframework.beans.factory.support.DefaultSingletonBeanRegistry.destroySingleton(DefaultSingletonBeanRegistry.java:745) ~[spring-beans-7.0.9.jar:7.0.9]
	at org.springframework.beans.factory.support.DefaultListableBeanFactory.destroySingleton(DefaultListableBeanFactory.java:1507) ~[spring-beans-7.0.9.jar:7.0.9]
	at org.springframework.beans.factory.support.DefaultSingletonBeanRegistry.destroySingletons(DefaultSingletonBeanRegistry.java:704) ~[spring-beans-7.0.9.jar:7.0.9]
	at org.springframework.beans.factory.support.DefaultListableBeanFactory.destroySingletons(DefaultListableBeanFactory.java:1500) ~[spring-beans-7.0.9.jar:7.0.9]
	at org.springframework.context.support.AbstractApplicationContext.destroyBeans(AbstractApplicationContext.java:1246) ~[spring-context-7.0.9.jar:7.0.9]
	at org.springframework.context.support.AbstractApplicationContext.doClose(AbstractApplicationContext.java:1207) ~[spring-context-7.0.9.jar:7.0.9]
	at org.springframework.boot.web.server.servlet.context.ServletWebServerApplicationContext.doClose(ServletWebServerApplicationContext.java:176) ~[spring-boot-web-server-4.1.1.jar:4.1.1]
	at org.springframework.context.support.AbstractApplicationContext.close(AbstractApplicationContext.java:1153) ~[spring-context-7.0.9.jar:7.0.9]
	at org.springframework.boot.SpringApplicationShutdownHook.closeAndWait(SpringApplicationShutdownHook.java:147) ~[spring-boot-4.1.1.jar:4.1.1]
	at java.base/java.lang.Iterable.forEach(Iterable.java:75) ~[na:na]
	at org.springframework.boot.SpringApplicationShutdownHook.run(SpringApplicationShutdownHook.java:116) ~[spring-boot-4.1.1.jar:4.1.1]
	at java.base/java.lang.Thread.run(Thread.java:1570) ~[na:na]

2026-09-14T13:58:52.954+05:30  INFO 27636 --- [reservation-service] [SpringApplicationShutdownHook] com.netflix.discovery.DiscoveryClient    : Completed shut down of DiscoveryClient
2026-09-14T15:00:26.558+05:30  INFO 27728 --- [reservation-service] [main] c.r.r.ReservationServiceApplicationTests : Starting ReservationServiceApplicationTests using Java 22.0.2 with PID 27728 (started by sprak in C:\Users\sprak\Desktop\railway-reservation-system\reservation-service)
2026-09-14T15:00:26.559+05:30 DEBUG 27728 --- [reservation-service] [main] c.r.r.ReservationServiceApplicationTests : Running with Spring Boot v4.1.1, Spring v7.0.9
2026-09-14T15:00:26.560+05:30  INFO 27728 --- [reservation-service] [main] c.r.r.ReservationServiceApplicationTests : No active profile set, falling back to 1 default profile: "default"
2026-09-14T15:00:26.596+05:30  INFO 27728 --- [reservation-service] [main] o.s.c.c.c.ConfigServerConfigDataLoader   : Fetching config from server at : http://localhost:8888
2026-09-14T15:00:26.596+05:30  INFO 27728 --- [reservation-service] [main] o.s.c.c.c.ConfigServerConfigDataLoader   : Located environment: name=reservation-service, profiles=[default], label=null, version=null, state=null
2026-09-14T15:00:28.013+05:30  INFO 27728 --- [reservation-service] [main] .s.d.r.c.RepositoryConfigurationDelegate : Bootstrapping Spring Data JPA repositories in DEFAULT mode.
2026-09-14T15:00:28.181+05:30  INFO 27728 --- [reservation-service] [main] .s.d.r.c.RepositoryConfigurationDelegate : Finished Spring Data repository scanning in 156 ms. Found 1 JPA repository interface.
2026-09-14T15:00:28.764+05:30  INFO 27728 --- [reservation-service] [main] o.s.cloud.context.scope.GenericScope     : BeanFactory id=ff8328d9-991b-3f47-90c3-729a4f2c729b
2026-09-14T15:00:29.674+05:30  INFO 27728 --- [reservation-service] [main] org.hibernate.orm.jpa                    : HHH008540: Processing PersistenceUnitInfo [name: default]
2026-09-14T15:00:29.756+05:30  INFO 27728 --- [reservation-service] [main] org.hibernate.orm.core                   : HHH000001: Hibernate ORM core version 7.4.5.Final
2026-09-14T15:00:30.280+05:30  INFO 27728 --- [reservation-service] [main] o.s.o.j.p.SpringPersistenceUnitInfo      : No LoadTimeWeaver setup: ignoring JPA class transformer
2026-09-14T15:00:30.316+05:30  INFO 27728 --- [reservation-service] [main] com.zaxxer.hikari.HikariDataSource       : HikariPool-1 - Starting...
2026-09-14T15:00:30.671+05:30  INFO 27728 --- [reservation-service] [main] com.zaxxer.hikari.pool.HikariPool        : HikariPool-1 - Added connection com.mysql.cj.jdbc.ConnectionImpl@24bc52ce
2026-09-14T15:00:30.673+05:30  INFO 27728 --- [reservation-service] [main] com.zaxxer.hikari.HikariDataSource       : HikariPool-1 - Start completed.
2026-09-14T15:00:30.760+05:30  INFO 27728 --- [reservation-service] [main] org.hibernate.orm.connections.pooling    : HHH10001005: Database info:
	Database JDBC URL [jdbc:mysql://localhost:3306/railway_reservation_db?updateTimeZone=true]
	Database driver: MySQL Connector/J
	Database dialect: MySQLDialect
	Database version: 8.0.43
	Default catalog/schema: railway_reservation_db/undefined
	Autocommit mode: undefined/unknown
	Isolation level: REPEATABLE_READ [default REPEATABLE_READ]
	JDBC fetch size: none
	Pool: DataSourceConnectionProvider
	Minimum pool size: undefined/unknown
	Maximum pool size: undefined/unknown
2026-09-14T15:00:31.820+05:30  INFO 27728 --- [reservation-service] [main] org.hibernate.orm.core                   : HHH000489: No JTA platform available (set 'hibernate.transaction.jta.platform' to enable JTA platform integration)
2026-09-14T15:00:31.900+05:30  INFO 27728 --- [reservation-service] [main] j.LocalContainerEntityManagerFactoryBean : Initialized JPA EntityManagerFactory for persistence unit 'default'
2026-09-14T15:00:32.172+05:30  INFO 27728 --- [reservation-service] [main] o.s.d.j.r.query.QueryEnhancerFactories   : Hibernate is in classpath; If applicable, HQL parser will be used.
2026-09-14T15:00:32.777+05:30  WARN 27728 --- [reservation-service] [main] JpaBaseConfiguration$JpaWebConfiguration : spring.jpa.open-in-view is enabled by default. Therefore, database queries may be performed during view rendering. Explicitly configure spring.jpa.open-in-view to disable this warning
2026-09-14T15:00:33.067+05:30  INFO 27728 --- [reservation-service] [main] o.s.c.openfeign.FeignClientFactoryBean   : For 'pnr-service' URL not provided. Will try picking an instance via load-balancing.
2026-09-14T15:00:33.969+05:30  WARN 27728 --- [reservation-service] [main] .s.a.UserDetailsServiceAutoConfiguration : 

Using generated security password: d42f9eb0-4ee6-47b2-975c-2e9c80107bbd

This generated password is for development use only. Your security configuration must be updated before running your application in production.

2026-09-14T15:00:33.983+05:30  INFO 27728 --- [reservation-service] [main] r$InitializeUserDetailsManagerConfigurer : Global AuthenticationManager configured with UserDetailsService bean with name inMemoryUserDetailsManager
2026-09-14T15:00:35.901+05:30  INFO 27728 --- [reservation-service] [main] DiscoveryClientOptionalArgsConfiguration : Eureka HTTP Client uses RestClient.
2026-09-14T15:00:35.985+05:30  WARN 27728 --- [reservation-service] [main] iguration$LoadBalancerCaffeineWarnLogger : Spring Cloud LoadBalancer is currently working with the default cache. While this cache implementation is useful for development and tests, it's recommended to use Caffeine cache in production.You can switch to using Caffeine cache, by adding it and org.springframework.cache.caffeine.CaffeineCacheManager to the classpath.
2026-09-14T15:00:36.031+05:30  INFO 27728 --- [reservation-service] [main] o.s.b.a.e.web.EndpointLinksResolver      : Exposing 1 endpoint beneath base path '/actuator'
2026-09-14T15:00:36.126+05:30  INFO 27728 --- [reservation-service] [main] o.s.c.n.eureka.InstanceInfoFactory       : Setting initial instance status as: STARTING
2026-09-14T15:00:36.154+05:30  INFO 27728 --- [reservation-service] [main] com.netflix.discovery.DiscoveryClient    : Initializing Eureka in region us-east-1
2026-09-14T15:00:36.158+05:30  INFO 27728 --- [reservation-service] [main] c.n.d.s.r.aws.ConfigClusterResolver      : Resolving eureka endpoints via configuration
2026-09-14T15:00:36.168+05:30  INFO 27728 --- [reservation-service] [main] com.netflix.discovery.DiscoveryClient    : Disable delta property : false
2026-09-14T15:00:36.168+05:30  INFO 27728 --- [reservation-service] [main] com.netflix.discovery.DiscoveryClient    : Single vip registry refresh property : null
2026-09-14T15:00:36.168+05:30  INFO 27728 --- [reservation-service] [main] com.netflix.discovery.DiscoveryClient    : Force full registry fetch : false
2026-09-14T15:00:36.168+05:30  INFO 27728 --- [reservation-service] [main] com.netflix.discovery.DiscoveryClient    : Application is null : false
2026-09-14T15:00:36.168+05:30  INFO 27728 --- [reservation-service] [main] com.netflix.discovery.DiscoveryClient    : Registered Applications size is zero : true
2026-09-14T15:00:36.168+05:30  INFO 27728 --- [reservation-service] [main] com.netflix.discovery.DiscoveryClient    : Application version is -1: true
2026-09-14T15:00:36.168+05:30  INFO 27728 --- [reservation-service] [main] com.netflix.discovery.DiscoveryClient    : Getting all instance registry info from the eureka server
2026-09-14T15:00:36.517+05:30  INFO 27728 --- [reservation-service] [main] com.netflix.discovery.DiscoveryClient    : The response status is 200
2026-09-14T15:00:36.521+05:30  INFO 27728 --- [reservation-service] [main] com.netflix.discovery.DiscoveryClient    : Starting heartbeat executor: renew interval is: 30
2026-09-14T15:00:36.523+05:30  INFO 27728 --- [reservation-service] [main] c.n.discovery.InstanceInfoReplicator     : InstanceInfoReplicator onDemand update allowed rate per min is 4
2026-09-14T15:00:36.525+05:30  INFO 27728 --- [reservation-service] [main] com.netflix.discovery.DiscoveryClient    : Discovery Client initialized at timestamp 1789378236524 with initial instances count: 1
2026-09-14T15:00:36.533+05:30  INFO 27728 --- [reservation-service] [main] o.s.c.n.e.s.EurekaServiceRegistry        : Registering application RESERVATION-SERVICE with eureka with status UP
2026-09-14T15:00:36.535+05:30  INFO 27728 --- [reservation-service] [main] com.netflix.discovery.DiscoveryClient    : Saw local status change event StatusChangeEvent [timestamp=1789378236535, current=UP, previous=STARTING]
2026-09-14T15:00:36.537+05:30  INFO 27728 --- [reservation-service] [DiscoveryClient-InstanceInfoReplicator-%d] com.netflix.discovery.DiscoveryClient    : DiscoveryClient_RESERVATION-SERVICE/AKHIL:reservation-service:8085: registering service...
2026-09-14T15:00:36.554+05:30  INFO 27728 --- [reservation-service] [main] c.r.r.ReservationServiceApplicationTests : Started ReservationServiceApplicationTests in 11.326 seconds (process running for 14.055)
2026-09-14T15:00:36.563+05:30  WARN 27728 --- [reservation-service] [main] o.s.core.events.SpringDocAppInitializer  : SpringDoc /api/reservations/v3/api-docs endpoint is enabled by default. To disable it in production, set the property 'springdoc.api-docs.enabled=false'
2026-09-14T15:00:36.563+05:30  WARN 27728 --- [reservation-service] [main] o.s.core.events.SpringDocAppInitializer  : SpringDoc /swagger-ui.html endpoint is enabled by default. To disable it in production, set the property 'springdoc.swagger-ui.enabled=false'
2026-09-14T15:00:36.672+05:30  INFO 27728 --- [reservation-service] [DiscoveryClient-InstanceInfoReplicator-%d] com.netflix.discovery.DiscoveryClient    : DiscoveryClient_RESERVATION-SERVICE/AKHIL:reservation-service:8085 - registration status: 204
2026-09-14T15:00:36.999+05:30  INFO 27728 --- [reservation-service] [SpringApplicationShutdownHook] o.s.c.n.e.s.EurekaServiceRegistry        : Unregistering application RESERVATION-SERVICE with eureka with status DOWN
2026-09-14T15:00:36.999+05:30  INFO 27728 --- [reservation-service] [SpringApplicationShutdownHook] com.netflix.discovery.DiscoveryClient    : Saw local status change event StatusChangeEvent [timestamp=1789378236999, current=DOWN, previous=UP]
2026-09-14T15:00:37.000+05:30  INFO 27728 --- [reservation-service] [DiscoveryClient-InstanceInfoReplicator-%d] com.netflix.discovery.DiscoveryClient    : DiscoveryClient_RESERVATION-SERVICE/AKHIL:reservation-service:8085: registering service...
2026-09-14T15:00:37.019+05:30  INFO 27728 --- [reservation-service] [SpringApplicationShutdownHook] j.LocalContainerEntityManagerFactoryBean : Closing JPA EntityManagerFactory for persistence unit 'default'
2026-09-14T15:00:37.021+05:30  INFO 27728 --- [reservation-service] [SpringApplicationShutdownHook] com.zaxxer.hikari.HikariDataSource       : HikariPool-1 - Shutdown initiated...
2026-09-14T15:00:37.030+05:30  INFO 27728 --- [reservation-service] [SpringApplicationShutdownHook] com.zaxxer.hikari.HikariDataSource       : HikariPool-1 - Shutdown completed.
2026-09-14T15:00:37.031+05:30  INFO 27728 --- [reservation-service] [SpringApplicationShutdownHook] com.netflix.discovery.DiscoveryClient    : Shutting down DiscoveryClient ...
2026-09-14T15:00:37.087+05:30  INFO 27728 --- [reservation-service] [DiscoveryClient-InstanceInfoReplicator-%d] com.netflix.discovery.DiscoveryClient    : DiscoveryClient_RESERVATION-SERVICE/AKHIL:reservation-service:8085 - registration status: 204
2026-09-14T15:00:37.088+05:30  INFO 27728 --- [reservation-service] [SpringApplicationShutdownHook] com.netflix.discovery.DiscoveryClient    : Unregistering ...
2026-09-14T15:00:37.174+05:30  INFO 27728 --- [reservation-service] [SpringApplicationShutdownHook] com.netflix.discovery.DiscoveryClient    : DiscoveryClient_RESERVATION-SERVICE/AKHIL:reservation-service:8085 - deregister  status: 200
2026-09-14T15:00:37.175+05:30  INFO 27728 --- [reservation-service] [SpringApplicationShutdownHook] com.netflix.discovery.DiscoveryClient    : Completed shut down of DiscoveryClient
2026-09-14T15:08:12.952+05:30  INFO 13904 --- [reservation-service] [main] c.r.r.ReservationServiceApplicationTests : Starting ReservationServiceApplicationTests using Java 22.0.2 with PID 13904 (started by sprak in C:\Users\sprak\Desktop\railway-reservation-system\reservation-service)
2026-09-14T15:08:12.954+05:30 DEBUG 13904 --- [reservation-service] [main] c.r.r.ReservationServiceApplicationTests : Running with Spring Boot v4.1.1, Spring v7.0.9
2026-09-14T15:08:12.955+05:30  INFO 13904 --- [reservation-service] [main] c.r.r.ReservationServiceApplicationTests : No active profile set, falling back to 1 default profile: "default"
2026-09-14T15:08:13.005+05:30  INFO 13904 --- [reservation-service] [main] o.s.c.c.c.ConfigServerConfigDataLoader   : Fetching config from server at : http://localhost:8888
2026-09-14T15:08:13.005+05:30  INFO 13904 --- [reservation-service] [main] o.s.c.c.c.ConfigServerConfigDataLoader   : Located environment: name=reservation-service, profiles=[default], label=null, version=null, state=null
2026-09-14T15:08:14.448+05:30  INFO 13904 --- [reservation-service] [main] .s.d.r.c.RepositoryConfigurationDelegate : Bootstrapping Spring Data JPA repositories in DEFAULT mode.
2026-09-14T15:08:14.645+05:30  INFO 13904 --- [reservation-service] [main] .s.d.r.c.RepositoryConfigurationDelegate : Finished Spring Data repository scanning in 183 ms. Found 1 JPA repository interface.
2026-09-14T15:08:15.272+05:30  INFO 13904 --- [reservation-service] [main] o.s.cloud.context.scope.GenericScope     : BeanFactory id=ff8328d9-991b-3f47-90c3-729a4f2c729b
2026-09-14T15:08:16.121+05:30  INFO 13904 --- [reservation-service] [main] org.hibernate.orm.jpa                    : HHH008540: Processing PersistenceUnitInfo [name: default]
2026-09-14T15:08:16.191+05:30  INFO 13904 --- [reservation-service] [main] org.hibernate.orm.core                   : HHH000001: Hibernate ORM core version 7.4.5.Final
2026-09-14T15:08:16.780+05:30  INFO 13904 --- [reservation-service] [main] o.s.o.j.p.SpringPersistenceUnitInfo      : No LoadTimeWeaver setup: ignoring JPA class transformer
2026-09-14T15:08:16.816+05:30  INFO 13904 --- [reservation-service] [main] com.zaxxer.hikari.HikariDataSource       : HikariPool-1 - Starting...
2026-09-14T15:08:17.230+05:30  INFO 13904 --- [reservation-service] [main] com.zaxxer.hikari.pool.HikariPool        : HikariPool-1 - Added connection com.mysql.cj.jdbc.ConnectionImpl@5c91b751
2026-09-14T15:08:17.233+05:30  INFO 13904 --- [reservation-service] [main] com.zaxxer.hikari.HikariDataSource       : HikariPool-1 - Start completed.
2026-09-14T15:08:17.351+05:30  INFO 13904 --- [reservation-service] [main] org.hibernate.orm.connections.pooling    : HHH10001005: Database info:
	Database JDBC URL [jdbc:mysql://localhost:3306/railway_reservation_db?updateTimeZone=true]
	Database driver: MySQL Connector/J
	Database dialect: MySQLDialect
	Database version: 8.0.43
	Default catalog/schema: railway_reservation_db/undefined
	Autocommit mode: undefined/unknown
	Isolation level: REPEATABLE_READ [default REPEATABLE_READ]
	JDBC fetch size: none
	Pool: DataSourceConnectionProvider
	Minimum pool size: undefined/unknown
	Maximum pool size: undefined/unknown
2026-09-14T15:08:18.559+05:30  INFO 13904 --- [reservation-service] [main] org.hibernate.orm.core                   : HHH000489: No JTA platform available (set 'hibernate.transaction.jta.platform' to enable JTA platform integration)
2026-09-14T15:08:18.661+05:30  INFO 13904 --- [reservation-service] [main] j.LocalContainerEntityManagerFactoryBean : Initialized JPA EntityManagerFactory for persistence unit 'default'
2026-09-14T15:08:18.918+05:30  INFO 13904 --- [reservation-service] [main] o.s.d.j.r.query.QueryEnhancerFactories   : Hibernate is in classpath; If applicable, HQL parser will be used.
2026-09-14T15:08:19.547+05:30  WARN 13904 --- [reservation-service] [main] JpaBaseConfiguration$JpaWebConfiguration : spring.jpa.open-in-view is enabled by default. Therefore, database queries may be performed during view rendering. Explicitly configure spring.jpa.open-in-view to disable this warning
2026-09-14T15:08:19.828+05:30  INFO 13904 --- [reservation-service] [main] o.s.c.openfeign.FeignClientFactoryBean   : For 'pnr-service' URL not provided. Will try picking an instance via load-balancing.
2026-09-14T15:08:20.691+05:30  WARN 13904 --- [reservation-service] [main] .s.a.UserDetailsServiceAutoConfiguration : 

Using generated security password: 178da510-a45b-4273-b5cb-bc8f7432d0c3

This generated password is for development use only. Your security configuration must be updated before running your application in production.

2026-09-14T15:08:20.707+05:30  INFO 13904 --- [reservation-service] [main] r$InitializeUserDetailsManagerConfigurer : Global AuthenticationManager configured with UserDetailsService bean with name inMemoryUserDetailsManager
2026-09-14T15:08:22.683+05:30  INFO 13904 --- [reservation-service] [main] DiscoveryClientOptionalArgsConfiguration : Eureka HTTP Client uses RestClient.
2026-09-14T15:08:22.753+05:30  WARN 13904 --- [reservation-service] [main] iguration$LoadBalancerCaffeineWarnLogger : Spring Cloud LoadBalancer is currently working with the default cache. While this cache implementation is useful for development and tests, it's recommended to use Caffeine cache in production.You can switch to using Caffeine cache, by adding it and org.springframework.cache.caffeine.CaffeineCacheManager to the classpath.
2026-09-14T15:08:22.789+05:30  INFO 13904 --- [reservation-service] [main] o.s.b.a.e.web.EndpointLinksResolver      : Exposing 1 endpoint beneath base path '/actuator'
2026-09-14T15:08:22.878+05:30  INFO 13904 --- [reservation-service] [main] o.s.c.n.eureka.InstanceInfoFactory       : Setting initial instance status as: STARTING
2026-09-14T15:08:22.915+05:30  INFO 13904 --- [reservation-service] [main] com.netflix.discovery.DiscoveryClient    : Initializing Eureka in region us-east-1
2026-09-14T15:08:22.921+05:30  INFO 13904 --- [reservation-service] [main] c.n.d.s.r.aws.ConfigClusterResolver      : Resolving eureka endpoints via configuration
2026-09-14T15:08:22.930+05:30  INFO 13904 --- [reservation-service] [main] com.netflix.discovery.DiscoveryClient    : Disable delta property : false
2026-09-14T15:08:22.931+05:30  INFO 13904 --- [reservation-service] [main] com.netflix.discovery.DiscoveryClient    : Single vip registry refresh property : null
2026-09-14T15:08:22.931+05:30  INFO 13904 --- [reservation-service] [main] com.netflix.discovery.DiscoveryClient    : Force full registry fetch : false
2026-09-14T15:08:22.931+05:30  INFO 13904 --- [reservation-service] [main] com.netflix.discovery.DiscoveryClient    : Application is null : false
2026-09-14T15:08:22.931+05:30  INFO 13904 --- [reservation-service] [main] com.netflix.discovery.DiscoveryClient    : Registered Applications size is zero : true
2026-09-14T15:08:22.931+05:30  INFO 13904 --- [reservation-service] [main] com.netflix.discovery.DiscoveryClient    : Application version is -1: true
2026-09-14T15:08:22.931+05:30  INFO 13904 --- [reservation-service] [main] com.netflix.discovery.DiscoveryClient    : Getting all instance registry info from the eureka server
2026-09-14T15:08:23.249+05:30  INFO 13904 --- [reservation-service] [main] com.netflix.discovery.DiscoveryClient    : The response status is 200
2026-09-14T15:08:23.252+05:30  INFO 13904 --- [reservation-service] [main] com.netflix.discovery.DiscoveryClient    : Starting heartbeat executor: renew interval is: 30
2026-09-14T15:08:23.255+05:30  INFO 13904 --- [reservation-service] [main] c.n.discovery.InstanceInfoReplicator     : InstanceInfoReplicator onDemand update allowed rate per min is 4
2026-09-14T15:08:23.256+05:30  INFO 13904 --- [reservation-service] [main] com.netflix.discovery.DiscoveryClient    : Discovery Client initialized at timestamp 1789378703256 with initial instances count: 1
2026-09-14T15:08:23.266+05:30  INFO 13904 --- [reservation-service] [main] o.s.c.n.e.s.EurekaServiceRegistry        : Registering application RESERVATION-SERVICE with eureka with status UP
2026-09-14T15:08:23.266+05:30  INFO 13904 --- [reservation-service] [main] com.netflix.discovery.DiscoveryClient    : Saw local status change event StatusChangeEvent [timestamp=1789378703266, current=UP, previous=STARTING]
2026-09-14T15:08:23.269+05:30  INFO 13904 --- [reservation-service] [DiscoveryClient-InstanceInfoReplicator-%d] com.netflix.discovery.DiscoveryClient    : DiscoveryClient_RESERVATION-SERVICE/AKHIL:reservation-service:8085: registering service...
2026-09-14T15:08:23.288+05:30  INFO 13904 --- [reservation-service] [main] c.r.r.ReservationServiceApplicationTests : Started ReservationServiceApplicationTests in 12.05 seconds (process running for 14.529)
2026-09-14T15:08:23.297+05:30  WARN 13904 --- [reservation-service] [main] o.s.core.events.SpringDocAppInitializer  : SpringDoc /api/reservations/v3/api-docs endpoint is enabled by default. To disable it in production, set the property 'springdoc.api-docs.enabled=false'
2026-09-14T15:08:23.298+05:30  WARN 13904 --- [reservation-service] [main] o.s.core.events.SpringDocAppInitializer  : SpringDoc /swagger-ui.html endpoint is enabled by default. To disable it in production, set the property 'springdoc.swagger-ui.enabled=false'
2026-09-14T15:08:23.400+05:30  INFO 13904 --- [reservation-service] [DiscoveryClient-InstanceInfoReplicator-%d] com.netflix.discovery.DiscoveryClient    : DiscoveryClient_RESERVATION-SERVICE/AKHIL:reservation-service:8085 - registration status: 204
2026-09-14T15:08:23.763+05:30  INFO 13904 --- [reservation-service] [SpringApplicationShutdownHook] o.s.c.n.e.s.EurekaServiceRegistry        : Unregistering application RESERVATION-SERVICE with eureka with status DOWN
2026-09-14T15:08:23.764+05:30  INFO 13904 --- [reservation-service] [SpringApplicationShutdownHook] com.netflix.discovery.DiscoveryClient    : Saw local status change event StatusChangeEvent [timestamp=1789378703764, current=DOWN, previous=UP]
2026-09-14T15:08:23.764+05:30  INFO 13904 --- [reservation-service] [DiscoveryClient-InstanceInfoReplicator-%d] com.netflix.discovery.DiscoveryClient    : DiscoveryClient_RESERVATION-SERVICE/AKHIL:reservation-service:8085: registering service...
2026-09-14T15:08:23.782+05:30  INFO 13904 --- [reservation-service] [SpringApplicationShutdownHook] j.LocalContainerEntityManagerFactoryBean : Closing JPA EntityManagerFactory for persistence unit 'default'
2026-09-14T15:08:23.785+05:30  INFO 13904 --- [reservation-service] [SpringApplicationShutdownHook] com.zaxxer.hikari.HikariDataSource       : HikariPool-1 - Shutdown initiated...
2026-09-14T15:08:23.794+05:30  INFO 13904 --- [reservation-service] [SpringApplicationShutdownHook] com.zaxxer.hikari.HikariDataSource       : HikariPool-1 - Shutdown completed.
2026-09-14T15:08:23.795+05:30  INFO 13904 --- [reservation-service] [SpringApplicationShutdownHook] com.netflix.discovery.DiscoveryClient    : Shutting down DiscoveryClient ...
2026-09-14T15:08:23.851+05:30  INFO 13904 --- [reservation-service] [DiscoveryClient-InstanceInfoReplicator-%d] com.netflix.discovery.DiscoveryClient    : DiscoveryClient_RESERVATION-SERVICE/AKHIL:reservation-service:8085 - registration status: 204
2026-09-14T15:08:23.852+05:30  INFO 13904 --- [reservation-service] [SpringApplicationShutdownHook] com.netflix.discovery.DiscoveryClient    : Unregistering ...
2026-09-14T15:08:23.935+05:30  INFO 13904 --- [reservation-service] [SpringApplicationShutdownHook] com.netflix.discovery.DiscoveryClient    : DiscoveryClient_RESERVATION-SERVICE/AKHIL:reservation-service:8085 - deregister  status: 200
2026-09-14T15:08:23.936+05:30  INFO 13904 --- [reservation-service] [SpringApplicationShutdownHook] com.netflix.discovery.DiscoveryClient    : Completed shut down of DiscoveryClient
2026-09-14T15:11:33.759+05:30  INFO 26928 --- [reservation-service] [main] c.r.r.ReservationServiceApplicationTests : Starting ReservationServiceApplicationTests using Java 22.0.2 with PID 26928 (started by sprak in C:\Users\sprak\Desktop\railway-reservation-system\reservation-service)
2026-09-14T15:11:33.761+05:30 DEBUG 26928 --- [reservation-service] [main] c.r.r.ReservationServiceApplicationTests : Running with Spring Boot v4.1.1, Spring v7.0.9
2026-09-14T15:11:33.762+05:30  INFO 26928 --- [reservation-service] [main] c.r.r.ReservationServiceApplicationTests : No active profile set, falling back to 1 default profile: "default"
2026-09-14T15:11:33.829+05:30  INFO 26928 --- [reservation-service] [main] o.s.c.c.c.ConfigServerConfigDataLoader   : Fetching config from server at : http://localhost:8888
2026-09-14T15:11:33.830+05:30  INFO 26928 --- [reservation-service] [main] o.s.c.c.c.ConfigServerConfigDataLoader   : Located environment: name=reservation-service, profiles=[default], label=null, version=null, state=null
2026-09-14T15:11:35.753+05:30  INFO 26928 --- [reservation-service] [main] .s.d.r.c.RepositoryConfigurationDelegate : Bootstrapping Spring Data JPA repositories in DEFAULT mode.
2026-09-14T15:11:35.925+05:30  INFO 26928 --- [reservation-service] [main] .s.d.r.c.RepositoryConfigurationDelegate : Finished Spring Data repository scanning in 156 ms. Found 1 JPA repository interface.
2026-09-14T15:11:36.603+05:30  INFO 26928 --- [reservation-service] [main] o.s.cloud.context.scope.GenericScope     : BeanFactory id=ff8328d9-991b-3f47-90c3-729a4f2c729b
2026-09-14T15:11:37.494+05:30  INFO 26928 --- [reservation-service] [main] org.hibernate.orm.jpa                    : HHH008540: Processing PersistenceUnitInfo [name: default]
2026-09-14T15:11:37.556+05:30  INFO 26928 --- [reservation-service] [main] org.hibernate.orm.core                   : HHH000001: Hibernate ORM core version 7.4.5.Final
2026-09-14T15:11:37.914+05:30  INFO 26928 --- [reservation-service] [main] o.s.o.j.p.SpringPersistenceUnitInfo      : No LoadTimeWeaver setup: ignoring JPA class transformer
2026-09-14T15:11:37.954+05:30  INFO 26928 --- [reservation-service] [main] com.zaxxer.hikari.HikariDataSource       : HikariPool-1 - Starting...
2026-09-14T15:11:38.333+05:30  INFO 26928 --- [reservation-service] [main] com.zaxxer.hikari.pool.HikariPool        : HikariPool-1 - Added connection com.mysql.cj.jdbc.ConnectionImpl@21dfec
2026-09-14T15:11:38.335+05:30  INFO 26928 --- [reservation-service] [main] com.zaxxer.hikari.HikariDataSource       : HikariPool-1 - Start completed.
2026-09-14T15:11:38.429+05:30  INFO 26928 --- [reservation-service] [main] org.hibernate.orm.connections.pooling    : HHH10001005: Database info:
	Database JDBC URL [jdbc:mysql://localhost:3306/railway_reservation_db?updateTimeZone=true]
	Database driver: MySQL Connector/J
	Database dialect: MySQLDialect
	Database version: 8.0.43
	Default catalog/schema: railway_reservation_db/undefined
	Autocommit mode: undefined/unknown
	Isolation level: REPEATABLE_READ [default REPEATABLE_READ]
	JDBC fetch size: none
	Pool: DataSourceConnectionProvider
	Minimum pool size: undefined/unknown
	Maximum pool size: undefined/unknown
2026-09-14T15:11:39.424+05:30  INFO 26928 --- [reservation-service] [main] org.hibernate.orm.core                   : HHH000489: No JTA platform available (set 'hibernate.transaction.jta.platform' to enable JTA platform integration)
2026-09-14T15:11:39.507+05:30  INFO 26928 --- [reservation-service] [main] j.LocalContainerEntityManagerFactoryBean : Initialized JPA EntityManagerFactory for persistence unit 'default'
2026-09-14T15:11:39.779+05:30  INFO 26928 --- [reservation-service] [main] o.s.d.j.r.query.QueryEnhancerFactories   : Hibernate is in classpath; If applicable, HQL parser will be used.
2026-09-14T15:11:40.431+05:30  WARN 26928 --- [reservation-service] [main] JpaBaseConfiguration$JpaWebConfiguration : spring.jpa.open-in-view is enabled by default. Therefore, database queries may be performed during view rendering. Explicitly configure spring.jpa.open-in-view to disable this warning
2026-09-14T15:11:40.727+05:30  INFO 26928 --- [reservation-service] [main] o.s.c.openfeign.FeignClientFactoryBean   : For 'pnr-service' URL not provided. Will try picking an instance via load-balancing.
2026-09-14T15:11:41.667+05:30  WARN 26928 --- [reservation-service] [main] .s.a.UserDetailsServiceAutoConfiguration : 

Using generated security password: de7fd098-76be-4002-9d93-1d6a85742623

This generated password is for development use only. Your security configuration must be updated before running your application in production.

2026-09-14T15:11:41.681+05:30  INFO 26928 --- [reservation-service] [main] r$InitializeUserDetailsManagerConfigurer : Global AuthenticationManager configured with UserDetailsService bean with name inMemoryUserDetailsManager
2026-09-14T15:11:43.676+05:30  INFO 26928 --- [reservation-service] [main] DiscoveryClientOptionalArgsConfiguration : Eureka HTTP Client uses RestClient.
2026-09-14T15:11:43.743+05:30  WARN 26928 --- [reservation-service] [main] iguration$LoadBalancerCaffeineWarnLogger : Spring Cloud LoadBalancer is currently working with the default cache. While this cache implementation is useful for development and tests, it's recommended to use Caffeine cache in production.You can switch to using Caffeine cache, by adding it and org.springframework.cache.caffeine.CaffeineCacheManager to the classpath.
2026-09-14T15:11:43.775+05:30  INFO 26928 --- [reservation-service] [main] o.s.b.a.e.web.EndpointLinksResolver      : Exposing 1 endpoint beneath base path '/actuator'
2026-09-14T15:11:43.877+05:30  INFO 26928 --- [reservation-service] [main] o.s.c.n.eureka.InstanceInfoFactory       : Setting initial instance status as: STARTING
2026-09-14T15:11:43.906+05:30  INFO 26928 --- [reservation-service] [main] com.netflix.discovery.DiscoveryClient    : Initializing Eureka in region us-east-1
2026-09-14T15:11:43.911+05:30  INFO 26928 --- [reservation-service] [main] c.n.d.s.r.aws.ConfigClusterResolver      : Resolving eureka endpoints via configuration
2026-09-14T15:11:43.922+05:30  INFO 26928 --- [reservation-service] [main] com.netflix.discovery.DiscoveryClient    : Disable delta property : false
2026-09-14T15:11:43.922+05:30  INFO 26928 --- [reservation-service] [main] com.netflix.discovery.DiscoveryClient    : Single vip registry refresh property : null
2026-09-14T15:11:43.922+05:30  INFO 26928 --- [reservation-service] [main] com.netflix.discovery.DiscoveryClient    : Force full registry fetch : false
2026-09-14T15:11:43.922+05:30  INFO 26928 --- [reservation-service] [main] com.netflix.discovery.DiscoveryClient    : Application is null : false
2026-09-14T15:11:43.922+05:30  INFO 26928 --- [reservation-service] [main] com.netflix.discovery.DiscoveryClient    : Registered Applications size is zero : true
2026-09-14T15:11:43.922+05:30  INFO 26928 --- [reservation-service] [main] com.netflix.discovery.DiscoveryClient    : Application version is -1: true
2026-09-14T15:11:43.923+05:30  INFO 26928 --- [reservation-service] [main] com.netflix.discovery.DiscoveryClient    : Getting all instance registry info from the eureka server
2026-09-14T15:11:44.265+05:30  INFO 26928 --- [reservation-service] [main] com.netflix.discovery.DiscoveryClient    : The response status is 200
2026-09-14T15:11:44.267+05:30  INFO 26928 --- [reservation-service] [main] com.netflix.discovery.DiscoveryClient    : Starting heartbeat executor: renew interval is: 30
2026-09-14T15:11:44.269+05:30  INFO 26928 --- [reservation-service] [main] c.n.discovery.InstanceInfoReplicator     : InstanceInfoReplicator onDemand update allowed rate per min is 4
2026-09-14T15:11:44.270+05:30  INFO 26928 --- [reservation-service] [main] com.netflix.discovery.DiscoveryClient    : Discovery Client initialized at timestamp 1789378904270 with initial instances count: 1
2026-09-14T15:11:44.278+05:30  INFO 26928 --- [reservation-service] [main] o.s.c.n.e.s.EurekaServiceRegistry        : Registering application RESERVATION-SERVICE with eureka with status UP
2026-09-14T15:11:44.278+05:30  INFO 26928 --- [reservation-service] [main] com.netflix.discovery.DiscoveryClient    : Saw local status change event StatusChangeEvent [timestamp=1789378904278, current=UP, previous=STARTING]
2026-09-14T15:11:44.281+05:30  INFO 26928 --- [reservation-service] [DiscoveryClient-InstanceInfoReplicator-%d] com.netflix.discovery.DiscoveryClient    : DiscoveryClient_RESERVATION-SERVICE/AKHIL:reservation-service:8085: registering service...
2026-09-14T15:11:44.302+05:30  INFO 26928 --- [reservation-service] [main] c.r.r.ReservationServiceApplicationTests : Started ReservationServiceApplicationTests in 12.108 seconds (process running for 15.089)
2026-09-14T15:11:44.405+05:30  WARN 26928 --- [reservation-service] [main] o.s.core.events.SpringDocAppInitializer  : SpringDoc /api/reservations/v3/api-docs endpoint is enabled by default. To disable it in production, set the property 'springdoc.api-docs.enabled=false'
2026-09-14T15:11:44.406+05:30  WARN 26928 --- [reservation-service] [main] o.s.core.events.SpringDocAppInitializer  : SpringDoc /swagger-ui.html endpoint is enabled by default. To disable it in production, set the property 'springdoc.swagger-ui.enabled=false'
2026-09-14T15:11:44.428+05:30  INFO 26928 --- [reservation-service] [DiscoveryClient-InstanceInfoReplicator-%d] com.netflix.discovery.DiscoveryClient    : DiscoveryClient_RESERVATION-SERVICE/AKHIL:reservation-service:8085 - registration status: 204
2026-09-14T15:11:44.663+05:30  INFO 26928 --- [reservation-service] [SpringApplicationShutdownHook] o.s.c.n.e.s.EurekaServiceRegistry        : Unregistering application RESERVATION-SERVICE with eureka with status DOWN
2026-09-14T15:11:44.665+05:30  INFO 26928 --- [reservation-service] [SpringApplicationShutdownHook] com.netflix.discovery.DiscoveryClient    : Saw local status change event StatusChangeEvent [timestamp=1789378904665, current=DOWN, previous=UP]
2026-09-14T15:11:44.665+05:30  INFO 26928 --- [reservation-service] [DiscoveryClient-InstanceInfoReplicator-%d] com.netflix.discovery.DiscoveryClient    : DiscoveryClient_RESERVATION-SERVICE/AKHIL:reservation-service:8085: registering service...
2026-09-14T15:11:44.683+05:30  INFO 26928 --- [reservation-service] [SpringApplicationShutdownHook] j.LocalContainerEntityManagerFactoryBean : Closing JPA EntityManagerFactory for persistence unit 'default'
2026-09-14T15:11:44.686+05:30  INFO 26928 --- [reservation-service] [SpringApplicationShutdownHook] com.zaxxer.hikari.HikariDataSource       : HikariPool-1 - Shutdown initiated...
2026-09-14T15:11:44.696+05:30  INFO 26928 --- [reservation-service] [SpringApplicationShutdownHook] com.zaxxer.hikari.HikariDataSource       : HikariPool-1 - Shutdown completed.
2026-09-14T15:11:44.696+05:30  INFO 26928 --- [reservation-service] [SpringApplicationShutdownHook] com.netflix.discovery.DiscoveryClient    : Shutting down DiscoveryClient ...
2026-09-14T15:11:44.750+05:30  INFO 26928 --- [reservation-service] [DiscoveryClient-InstanceInfoReplicator-%d] com.netflix.discovery.DiscoveryClient    : DiscoveryClient_RESERVATION-SERVICE/AKHIL:reservation-service:8085 - registration status: 204
2026-09-14T15:11:44.751+05:30  INFO 26928 --- [reservation-service] [SpringApplicationShutdownHook] com.netflix.discovery.DiscoveryClient    : Unregistering ...
2026-09-14T15:11:44.837+05:30  INFO 26928 --- [reservation-service] [SpringApplicationShutdownHook] com.netflix.discovery.DiscoveryClient    : DiscoveryClient_RESERVATION-SERVICE/AKHIL:reservation-service:8085 - deregister  status: 200
2026-09-14T15:11:44.838+05:30  INFO 26928 --- [reservation-service] [SpringApplicationShutdownHook] com.netflix.discovery.DiscoveryClient    : Completed shut down of DiscoveryClient
